,id,other,date,hashtag,user,tweet
0,4,3,Mon May 11 03:17:40 UTC 2009,kindle2,tpryan,"['stellargirl', 'loooooooovvvvvveee', 'kindle2', 'dx', 'cool', '2', 'fantastic', 'right']"
1,4,4,Mon May 11 03:18:03 UTC 2009,kindle2,vcu451,"['reading', 'kindle2', 'love', 'lee', 'childs', 'good', 'read']"
2,4,5,Mon May 11 03:18:54 UTC 2009,kindle2,chadfu,"['ok', 'first', 'assesment', 'kindle2', 'fucking', 'rocks']"
3,4,6,Mon May 11 03:19:04 UTC 2009,kindle2,SIX15,"['kenburbary', 'youll', 'love', 'kindle2', 'ive', 'mine', 'few', 'months', 'never', 'looked', 'back', 'new', 'big', 'one', 'huge', 'need', 'remorse']"
4,4,7,Mon May 11 03:21:41 UTC 2009,kindle2,yamarama,"['mikefish', 'fair', 'enough', 'kindle2', 'think', 'perfect']"
5,4,8,Mon May 11 03:22:00 UTC 2009,kindle2,GeorgeVHulme,"['richardebaker', 'big', 'im', 'quite', 'happy', 'kindle2']"
6,0,9,Mon May 11 03:22:30 UTC 2009,aig,Seth937,"['fuck', 'economy', 'hate', 'aig', 'non', 'loan', 'given', 'asses']"
7,4,10,Mon May 11 03:26:10 UTC 2009,jquery,dcostalis,"['jquery', 'new', 'best', 'friend']"
8,4,11,Mon May 11 03:27:15 UTC 2009,twitter,PJ_King,"['loves', 'twitter']"
9,4,12,Mon May 11 03:29:20 UTC 2009,obama,mandanicole,"['love', 'obama', 'makes', 'jokes', 'himself']"
10,2,13,Mon May 11 03:32:42 UTC 2009,obama,jpeb,"['check', 'video', 'out', 'president', 'obama', 'white', 'house', 'correspondents', 'dinner', 'httpbitlyimxum']"
11,0,14,Mon May 11 03:32:48 UTC 2009,obama,kylesellers,"['karoli', 'firmly', 'believe', 'obamapelosi', 'zero', 'desire', 'civil', 'charade', 'slogan', 'want', 'destroy', 'conservatism']"
12,4,15,Mon May 11 03:33:38 UTC 2009,obama,theviewfans,"['house', 'correspondents', 'dinner', 'last', 'night', 'whoopi', 'barbara', 'amp', 'sherri', 'went', 'obama', 'standing', 'ovation']"
13,4,16,Mon May 11 05:05:58 UTC 2009,nike,MumsFP,"['watchin', 'espnjus', 'seen', 'new', 'nike', 'commerical', 'puppet', 'lebronsht', 'hilariouslmao']"
14,0,17,Mon May 11 05:06:22 UTC 2009,nike,vincentx24x,"['nike', 'stop', 'flywire', 'shit', 'waste', 'science', 'ugly', 'love', 'vincentx24x']"
15,4,18,Mon May 11 05:20:15 UTC 2009,lebron,cameronwylie,"['lebron', 'best', 'athlete', 'generation', 'time', 'basketball', 'related', 'dont', 'want', 'intersport', 'debates', '__12']"
16,0,19,Mon May 11 05:20:28 UTC 2009,lebron,luv8242,"['talking', 'guy', 'last', 'night', 'telling', 'die', 'hard', 'spurs', 'fan', 'told', 'hates', 'lebron', 'james']"
17,4,20,Mon May 11 05:21:04 UTC 2009,lebron,mtgillikin,"['love', 'lebron', 'httpbitlypdhur']"
18,0,21,Mon May 11 05:21:37 UTC 2009,lebron,ursecretdezire,"['ludajuice', 'lebron', 'beast', 'im', 'still', 'cheering', '4', 'atil', 'end']"
19,4,22,Mon May 11 05:21:45 UTC 2009,lebron,Native_01,"['pmillzz', 'lebron', 'boss']"
20,4,23,Mon May 11 05:22:03 UTC 2009,lebron,princezzcutz,"['sketchbug', 'lebron', 'hometown', 'hero', 'lol', 'love', 'lakers', 'lets', 'go', 'cavs', 'lol']"
21,4,24,Mon May 11 05:22:12 UTC 2009,lebron,peterlikewhat,"['lebron', 'zydrunas', 'such', 'awesome', 'duo']"
22,4,25,Mon May 11 05:22:37 UTC 2009,lebron,emceet,"['wordwhizkid', 'lebron', 'beast', 'nobody', 'nba', 'comes', 'even', 'close']"
23,4,26,Mon May 11 06:02:24 UTC 2009,iphone app,CocoSavanna,"['downloading', 'apps', 'iphone', 'much', 'fun', 'literally', 'app', 'anything']"
24,4,33,Mon May 11 19:47:29 UTC 2009,visa,DreambigRadio,"['good', 'news', 'call', 'visa', 'office', 'saying', 'everything', 'finewhat', 'relief', 'sick', 'scams', 'out', 'stealing']"
25,4,34,Mon May 11 19:49:21 UTC 2009,fredwilson,andrewwatson,"['httptwurlnlepkr4b', 'awesome', 'come', 'back', 'biz', 'via', 'fredwilson']"
26,4,35,Mon May 11 19:50:07 UTC 2009,fredwilson,fredwilson,"['montreal', 'long', 'weekend', 'rampr', 'much', 'needed']"
27,4,46,Thu May 14 02:58:07 UTC 2009,"""booz allen""",JoeSchueller,"['booz', 'allen', 'hamilton', 'bad', 'ass', 'homegrown', 'social', 'collaboration', 'platform', 'way', 'cool', 'ttiv']"
28,4,47,Thu May 14 02:58:23 UTC 2009,"""booz allen""",scottabel,"['mluc09', 'customer', 'innovation', 'award', 'winner', 'booz', 'allen', 'hamilton', 'httppingfmc2hpp']"
29,4,49,Thu May 14 05:24:50 UTC 2009,40d,JustMe_D,"['sochi2', 'current', 'use', 'nikon', 'd90', 'love', 'much', 'canon', '40d50d', 'chose', 'd90', 'video', 'feature', 'mistake']"
30,2,50,Thu May 14 05:25:04 UTC 2009,40d,hiteshbagai,"['need', 'suggestions', 'good', 'ir', 'filter', 'canon', '40d', 'pls', 'dm']"
31,2,117,Sat May 16 16:18:36 UTC 2009,google,Annimallover,"['surfit', 'checked', 'google', 'business', 'blip', 'shows', 'up', 'second', 'entry', 'huh', 'good', 'ba', 'httpblipfm6emhv']"
32,4,118,Sat May 16 16:19:04 UTC 2009,google,J_Holl,"['phyreman9', 'google', 'always', 'good', 'place', 'look', 'shouldve', 'mentioned', 'worked', 'mustang', 'w', 'dad', 'kimblet']"
33,0,119,Sat May 16 16:19:24 UTC 2009,google,vamsmack,"['played', 'android', 'google', 'phone', 'slide', 'out', 'screen', 'scares', 'break', 'fucker', 'fast', 'still', 'prefer', 'iphone']"
34,0,120,Sat May 16 16:25:41 UTC 2009,aig,schroncd,"['planning', 'resume', 'military', 'tribunals', 'guantanamo', 'bay', 'time', 'those', 'trial', 'aig', 'execs', 'chrysler', 'debt', 'holders']"
35,0,121,Sat May 16 22:42:07 UTC 2009,itchy,MarissaLeeD,"['omg', 'bored', 'amp', 'tattoooos', 'itchy', 'help', 'aha']"
36,0,122,Sat May 16 22:42:25 UTC 2009,itchy,robloposky,"['im', 'itchy', 'miserable']"
37,0,123,Sat May 16 22:42:44 UTC 2009,itchy,EdwinLValencia,"['sekseemess', 'im', 'itchy', 'now', 'maybe', 'later', 'lol']"
38,4,124,Sat May 16 23:48:15 UTC 2009,stanford,imusicmash,"['rt', 'jessverr', 'love', 'nerdy', 'stanford', 'human', 'biology', 'videos', 'makes', 'miss', 'school', 'httpbitly13t7nr']"
39,4,125,Sat May 16 23:58:34 UTC 2009,lyx,drewloewe,"['spinuzzi', 'bit', 'crazy', 'steep', 'learning', 'curve', 'lyx', 'really', 'good', 'long', 'docs', 'anything', 'shorter', 'insane']"
40,4,131,Sun May 17 15:05:03 UTC 2009,Danny Gokey,VickyTigger,"['im', 'listening', 'pyt', 'danny', 'gokey', 'lt3', 'lt3', 'lt3', 'aww', 'hes', 'amazing', 'lt3', 'much']"
41,4,132,Sun May 17 17:27:45 UTC 2009,sleep,babblyabbie,"['going', 'sleep', 'bike', 'ride']"
42,0,133,Sun May 17 17:27:49 UTC 2009,sleep,kisjoaquin,"['cant', 'sleep', 'tooth', 'aching']"
43,0,134,Sun May 17 17:28:02 UTC 2009,sleep,Whacktackular,"['blah', 'blah', 'blah', 'same', 'old', 'same', 'old', 'plans', 'today', 'going', 'back', 'sleep', 'guess']"
44,0,135,Sun May 17 17:29:50 UTC 2009,san francisco,Adrigonzo,"['glad', 'didnt', 'bay', 'breakers', 'today', '1000', 'freaking', 'degrees', 'san', 'francisco', 'wtf']"
45,2,136,Sun May 17 17:30:19 UTC 2009,san francisco,sulu34,"['san', 'francisco', 'bay', 'breakers']"
46,2,137,Sun May 17 17:30:23 UTC 2009,san francisco,schuyler,"['landed', 'san', 'francisco']"
47,2,138,Sun May 17 17:30:56 UTC 2009,san francisco,MattBragoni,"['san', 'francisco', 'today', 'suggestions']"
48,0,139,Sun May 17 17:32:00 UTC 2009,aig,KennyTRoland,"['obama', 'administration', 'stop', 'bonuses', 'aig', 'ponzi', 'schemers', 'httpbitly2cuig']"
49,0,140,Sun May 17 17:32:30 UTC 2009,aig,aMild,"['started', 'think', 'citi', 'really', 'deep', 'sampt', 'gonna', 'survive', 'turmoil', 'gonna', 'next', 'aig']"
50,0,141,Sun May 17 17:32:36 UTC 2009,aig,Trazor1,"['shaunwoo', 'haten', 'aig']"
51,4,142,Sun May 17 17:35:17 UTC 2009,star trek,mimknits,"['yarnthing', 'regret', 'going', 'see', 'star', 'trek', 'awesome']"
52,2,143,Sun May 17 17:35:28 UTC 2009,star trek,GeeRen,"['way', 'see', 'star', 'trek', 'esquire']"
53,2,144,Sun May 17 17:35:45 UTC 2009,star trek,checkyesjess,"['going', 'see', 'star', 'trek', 'soon', 'dad']"
54,0,145,Mon May 18 01:13:27 UTC 2009,Malcolm Gladwell,renano,"['annoying', 'new', 'trend', 'internets', 'people', 'picking', 'apart', 'michael', 'lewis', 'malcolm', 'gladwell', 'nobody', 'read']"
55,2,146,Mon May 18 01:14:41 UTC 2009,Malcolm Gladwell,kottkedotorg,"['bill', 'simmons', 'conversation', 'malcolm', 'gladwell', 'httpbitlyj9o50']"
56,4,147,Mon May 18 01:14:47 UTC 2009,Malcolm Gladwell,davidm89,"['highly', 'recommend', 'httptinyurlcomhowdavidbeatsgoliath', 'malcolm', 'gladwell']"
57,4,148,Mon May 18 01:15:17 UTC 2009,Malcolm Gladwell,livreal,"['blink', 'malcolm', 'gladwell', 'amazing', 'book', 'tipping', 'point']"
58,4,149,Mon May 18 01:16:12 UTC 2009,Malcolm Gladwell,mikearosso,"['malcolm', 'gladwell', 'new', 'man', 'crush']"
59,0,150,Mon May 18 01:18:03 UTC 2009,espn,wendy93639,"['omg', 'commercials', 'alone', 'espn', 'going', 'drive', 'nuts']"
60,4,151,Mon May 18 03:11:06 UTC 2009,"""twitter api""",ClayFranklin,"['robmalon', 'playing', 'twitter', 'api', 'sounds', 'fun', 'need', 'take', 'class', 'find', 'new', 'friend', 'generate', 'results', 'api', 'code']"
61,2,152,Mon May 18 03:11:58 UTC 2009,"""twitter api""",cURLTesting,"['playing', 'curl', 'twitter', 'api']"
62,4,153,Mon May 18 03:12:13 UTC 2009,"""twitter api""",ringerdrop,"['hello', 'twitter', 'api']"
63,2,154,Mon May 18 03:12:18 UTC 2009,"""twitter api""",danserfaty,"['playing', 'java', 'twitter', 'api']"
64,0,155,Mon May 18 03:12:40 UTC 2009,"""twitter api""",raykolbe,"['morind45', 'because', 'twitter', 'api', 'slow', 'clients', 'arent', 'good']"
65,0,156,Mon May 18 03:13:03 UTC 2009,yahoo,CarolineVilas,"['yahoo', 'answers', 'butt', 'sometimes']"
66,4,157,Mon May 18 05:07:16 UTC 2009,scrapbooking,rachelbegins,"['scrapbooking', 'nic', 'd']"
67,4,172,Tue May 19 16:20:46 UTC 2009,wolfram alpha,leedscentlib,"['rt', 'mashable', 'five', 'things', 'wolfram', 'alpha', 'better', 'vastly', 'different', 'google', 'httpbitly6nsnr']"
68,4,173,Wed May 20 02:37:09 UTC 2009,nike,sportsgirl505,"['changed', 'default', 'pic', 'nike', 'basketball', 'cause', 'bball', 'awesome']"
69,2,174,Wed May 20 02:38:27 UTC 2009,nike,MatrixSystems,"['nike', 'owns', 'nba', 'playoffs', 'ads', 'w', 'lebron', 'kobe', 'carmelo', 'httpowly7uiy', 'adidas', 'billups', 'howard', 'marketing', 'branding']"
70,2,175,Wed May 20 02:38:45 UTC 2009,nike,cadburysgirl,"['next', 'time', 'ill', 'call', 'myself', 'nike']"
71,2,176,Wed May 20 02:38:50 UTC 2009,nike,AddictedToFresh,"['new', 'blog', 'post', 'nike', 'sb', 'dunk', 'low', 'premium', 'white', 'gum', 'httptrimlott']"
72,0,177,Wed May 20 02:39:05 UTC 2009,nike,coreysmbpro,"['rt', 'smartchickpdx', 'told', 'nike', 'layoffs', 'started', 'today']"
73,4,178,Wed May 20 02:39:28 UTC 2009,nike,PRolivia,"['back', 'worked', 'nike', 'one', 'fav', 'word']"
74,4,179,Wed May 20 02:40:23 UTC 2009,nike,ErrantDreams,"['way', 'im', 'totally', 'inspired', 'freaky', 'nike', 'commercial', 'httpsnurlcomicgj9']"
75,2,192,Sat May 23 20:43:22 UTC 2009,weka,nikete,"['giving', 'weka', 'app', 'engine', 'interface', 'using', 'bird', 'strike', 'data', 'tests', 'logo', 'given']"
76,2,194,Sun May 24 16:18:48 UTC 2009,50d,bigdigit,"['brand', 'new', 'canon', 'eos', '50d', '15mp', 'dslr', 'camera', 'canon', '1785mm', 'lens', 'web', 'technology', 'thread', 'brand', 'new', 'canon', 'eos', '5', 'httpumavrevcom5a3t']"
77,4,195,Sun May 24 16:19:04 UTC 2009,50d,justinbettman,"['class', '50d', 'supposed', 'come', 'today']"
78,0,196,Sun May 24 20:48:14 UTC 2009,lambda calculus,read0,"['needs', 'someone', 'explain', 'lambda', 'calculus']"
79,0,197,Sun May 24 20:48:58 UTC 2009,lambda calculus,BAK3R,"['took', 'graduate', 'field', 'exam', 'computer', 'science', 'today', 'nothing', 'makes', 'feel', 'more', 'idiot', 'lambda', 'calculus']"
80,4,198,Sun May 24 20:49:52 UTC 2009,east palo alto,SLICKSPIT,"['shout', 'outs', 'east', 'palo', 'alto', 'being', 'buildin', 'karizmakaze', '50cal', 'gta', 'thanks', 'profits', 'doom', 'universal', 'hempz', 'cracka']"
81,0,199,Sun May 24 20:50:32 UTC 2009,east palo alto,ckwright,"['legalgeekery', 'yeahhhhhhhhh', 'wouldnt', 'really', 'lived', 'east', 'palo', 'alto', 'avoided', 'guess', 'summer']"
82,4,204,Mon May 25 17:15:01 UTC 2009,stanford,souleaterjh,"['accannis', 'edog1203', 'great', 'stanford', 'course', 'thanks', 'making', 'available', 'public', 'really', 'helpful', 'informative', 'starting']"
83,2,205,Mon May 25 17:15:24 UTC 2009,stanford,susangao,"['nvidia', 'names', 'stanfords', 'bill', 'dally', 'chief', 'scientist', 'vp', 'research', 'httpbitlyfvvg9']"
84,2,206,Mon May 25 17:15:43 UTC 2009,stanford,jimmy_chan2009,"['new', 'blog', 'post', 'harvard', 'versus', 'stanford', 'wins', 'httpbitlymcoco']"
85,4,207,Mon May 25 17:17:04 UTC 2009,lakers,a_fio,"['work', 'til', '6pm', 'lets', 'go', 'lakers']"
86,0,208,Mon May 25 17:18:29 UTC 2009,north korea,luvslikepi,"['damn', 'north', 'korea', 'httpbitlyktmeq']"
87,0,209,Mon May 25 17:19:05 UTC 2009,north korea,utsagrad123,"['go', 'ahead', 'blow', 'north', 'korea', 'map', 'already']"
88,0,210,Mon May 25 17:19:14 UTC 2009,north korea,stabotage,"['north', 'korea', 'please', 'cease', 'douchebaggery', 'china', 'doesnt', 'even', 'anymore', 'httpbitlynehsl']"
89,0,211,Mon May 25 17:21:08 UTC 2009,pelosi,zed01,"['hell', 'pelosi', 'freakin', 'china', 'whose', 'dime']"
90,0,212,Mon May 25 17:23:55 UTC 2009,bailout,funky_old_man,"['burning', 'more', 'cash', 'chrysler', 'gm', 'stop', 'financial', 'tsunami', 'bailout', 'means', 'taking', 'handout']"
91,0,213,Mon May 25 17:25:34 UTC 2009,insects,malcozer,"['insects', 'infected', 'spinach', 'plant']"
92,0,214,Mon May 25 17:26:50 UTC 2009,insects,AntoineTheReaL,"['wish', 'catch', 'mosquito', 'world', 'n', 'burn', 'em', 'slowlythey', 'bitin', 'shit', 'outta', '2daymosquitos', 'assholes', 'insects']"
93,0,215,Mon May 25 17:27:05 UTC 2009,insects,jonwolpert,"['back', 'church', 'totally', 'hate', 'insects']"
94,0,216,Mon May 25 17:28:50 UTC 2009,mcdonalds,jachshore,"['mcdonalds', 'goddam', 'those', 'eggs', 'make', 'sick', 'o', 'yeah', 'laker', 'up', 'date', 'go', 'lakers', 'much', 'update', 'well', 'true', 'suck']"
95,4,217,Mon May 25 17:29:39 UTC 2009,mcdonalds,MamiYessi,"['omgg', 'ohhdee', 'want', 'mcdonalds', 'damn', 'wonder', 'open', 'lol']"
96,0,218,Mon May 25 17:31:21 UTC 2009,exam,jvici0us,"['history', 'exam', 'studying', 'ugh']"
97,0,219,Mon May 25 17:31:43 UTC 2009,exam,enriquenieto,"['hate', 'revision', 'boring', 'totally', 'unprepared', 'exam', 'tomorrow', 'things', 'looking', 'good']"
98,0,220,Mon May 25 17:31:45 UTC 2009,exam,Drummermatt_182,"['higher', 'physics', 'exam', 'tommorow', 'lookin', 'forward', 'much']"
99,0,222,Mon May 25 17:32:11 UTC 2009,exam,filmcriticbeta,"['bank', 'holiday', 'im', 'out', 'work', 'now', 'exam', 'season', 'sucks']"
100,0,223,Mon May 25 17:34:40 UTC 2009,cheney,lvlocal,"['cheney', 'bush', 'real', 'culprits', 'httpfwixcomarticle939496']"
101,0,224,Mon May 25 17:34:51 UTC 2009,cheney,QCWofNC,"['lifes', 'bitch', 'dick', 'cheney', 'p2', 'bipart', 'tlot', 'tcot', 'hhrs', 'gop', 'dnc', 'httpisgddjyq']"
102,0,225,Mon May 25 17:35:23 UTC 2009,cheney,jepaco,"['dick', 'cheneys', 'dishonest', 'speech', 'torture', 'terror', 'obama', 'fred', 'kaplan', 'slate', 'httpisgddihg']"
103,0,226,Mon May 25 17:37:56 UTC 2009,republican,ImportantQuotes,"['republican', 'party', 'bunch', 'antiabortion', 'zealots', 'couldnt', 'draw', 'flies', 'dump', 'neal', 'boortz', 'now', 'radio']"
104,0,227,Mon May 25 17:46:06 UTC 2009,twitter api,fwhamm,"['twitters', 'connections', 'api', 'broken', 'tweets', 'didnt', 'make', 'twitter']"
105,0,228,Mon May 25 17:46:24 UTC 2009,twitter api,jos897,"['srsly', 'hate', 'stupid', 'twitter', 'api', 'timeout', 'thing', 'soooo', 'annoying']"
106,4,233,Wed May 27 00:34:21 UTC 2009,jquery book,jystewart,"['psychemedia', 'really', 'liked', 'kswedbergs', 'learning', 'jquery', 'book', 'httpbitlypg0lt', 'worth', 'look']"
107,2,234,Wed May 27 00:34:47 UTC 2009,jquery book,cfbloggers,"['jquery', 'ui', '16', 'book', 'review', 'httpcfbloggersorgc30631']"
108,4,235,Wed May 27 00:38:56 UTC 2009,goodby silverstein,CaerusMe,"['very', 'interesting', 'ad', 'adobe', 'goodby', 'silverstein', 'amp', 'partners', 'youtube', 'adobe', 'cs4', 'le', 'sens', 'propre', 'httpbitlyvprpt']"
109,4,236,Wed May 27 00:39:13 UTC 2009,goodby silverstein,HallandPartners,"['goodby', 'silverstein', 'agency', 'new', 'site', 'httpwwwgoodbysilversteincom', 'great']"
110,4,237,Wed May 27 00:39:21 UTC 2009,goodby silverstein,suedecrush,"['rt', 'designplay', 'goodby', 'silversteins', 'new', 'site', 'httpwwwgoodbysilversteincom', 'enjoy', 'nice', 'find']"
111,4,238,Wed May 27 00:41:13 UTC 2009,goodby silverstein,_imageworks,"['amazing', 'psyop', 'goodby', 'silverstein', 'amp', 'partners', 'hp', 'httpbitlyg2ru8', 'go', 'play', 'effects', 'now']"
112,4,239,Wed May 27 00:42:22 UTC 2009,wieden,dustinrowley,"['top', 'ten', 'watched', 'viralvideo', 'chart', 'love', 'nike', 'mostvaluablepuppets', 'campaign', 'wieden', 'amp', 'kennedy', 'httpbitlynr1n9']"
113,4,251,Wed May 27 23:49:47 UTC 2009,g2,xzela,"['zomg', 'g2']"
114,4,252,Wed May 27 23:49:59 UTC 2009,g2,mobiledreams,"['ok', 'lots', 'buzz', 'io2009', 'lucky', 'free', 'g2', 'httpisgdhyzl']"
115,4,253,Wed May 27 23:50:46 UTC 2009,g2,crashfaster,"['free', 'g2', 'android', 'google', 'io']"
116,4,254,Wed May 27 23:51:30 UTC 2009,g2,dragonal,"['guess', 'ill', 'retiring', 'g1', 'start', 'using', 'developer', 'g2', 'woot', 'googleio']"
117,2,255,Wed May 27 23:56:56 UTC 2009,googleio,mastooo,"['gwt', 'fireside', 'chat', 'googleio']"
118,4,256,Wed May 27 23:59:18 UTC 2009,googleio,maex242,"['happy', 'philip', 'being', 'googleio', 'today']"
119,4,317,Sat May 30 17:46:39 UTC 2009,lakers,specs20,"['lakers', 'played', 'great', 'wait', 'thursday', 'night', 'lakers', 'vs']"
120,2,328,Sun May 31 06:51:14 UTC 2009,viral marketing,BrandKarma,"['hi', 'anyone', 'great', 'source', 'advice', 'viral', 'marketing', 'httplinkgsytz8']"
121,4,329,Sun May 31 06:51:30 UTC 2009,viral marketing,mattcad,"['judd', 'apatow', 'creates', 'fake', 'sitcom', 'nbccom', 'market', 'new', 'movie', 'viral', 'marketing', 'best', 'httpisgdk0yk']"
122,2,330,Sun May 31 06:51:34 UTC 2009,viral marketing,grahamgrimshaw,"['heres', 'case', 'study', 'use', 'viral', 'marketing', 'add', 'over', '10000', 'people', 'list', 'httpsniprcomi50oz']"
123,0,331,Sun May 31 06:51:44 UTC 2009,viral marketing,nicoleisms,"['viral', 'marketing', 'fail', 'acia', 'pills', 'brand', 'oughta', 'shut', 'down', 'hacking', 'peoples', 'messengers', '56', 'msgs', 'day', 'arrrgh']"
124,4,388,Tue Jun 02 02:54:09 UTC 2009,"""night at the museum""",Cristinellaa,"['watching', 'night', 'museum', 'lmao']"
125,4,389,Tue Jun 02 02:54:12 UTC 2009,"""night at the museum""",MzJill,"['loved', 'night', 'museum']"
126,2,390,Tue Jun 02 02:54:22 UTC 2009,"""night at the museum""",Lynn_Sky,"['going', 'see', 'new', 'night', 'museum', 'movie', 'family', 'oh', 'boy', 'three', 'year', 'old', 'movies', 'fuin']"
127,4,391,Tue Jun 02 02:54:40 UTC 2009,"""night at the museum""",bobster56,"['back', 'movies', 'went', 'see', 'new', 'night', 'museum', 'rachel', 'good']"
128,2,392,Tue Jun 02 02:54:44 UTC 2009,"""night at the museum""",jordanforeman,"['saw', 'new', 'night', 'museum', 'movieit', 'wasokaylol', '710']"
129,2,393,Tue Jun 02 02:54:51 UTC 2009,"""night at the museum""",britree,"['going', 'see', 'night', 'museum', '2', 'tall', 'boy']"
130,4,394,Tue Jun 02 02:55:16 UTC 2009,"""night at the museum""",jellz,"['shannyoday', 'take', 'date', 'see', 'night', 'museum', '2', 'whenever', 'wantit', 'looks', 'soooooo', 'good']"
131,4,395,Tue Jun 02 02:55:25 UTC 2009,"""night at the museum""",droherty,"['watching', 'night', 'museum', 'getting', 'really', 'good']"
132,4,396,Tue Jun 02 02:55:39 UTC 2009,"""night at the museum""",sarahbrooke,"['night', 'museum', 'wolverine', 'junk', 'food', 'perfect', 'monday']"
133,4,397,Tue Jun 02 02:55:49 UTC 2009,"""night at the museum""",jeremyempire,"['saw', 'night', 'museum', '2', 'last', 'night', 'pretty', 'crazy', 'movie', 'cast', 'awesome', 'well', 'worth', 'robin', 'williams', 'forever']"
134,2,398,Tue Jun 02 02:56:01 UTC 2009,"""night at the museum""",MirandaClues,"['saw', 'night', 'museum', 'battle', 'swithsonian', 'today', 'okay', 'typical', 'kids', 'ben', 'stiller', 'movie']"
135,2,399,Tue Jun 02 02:56:25 UTC 2009,"""night at the museum""",RGuad08,"['taking', 'katie', 'see', 'night', 'museum', 'picked']"
136,0,400,Tue Jun 02 02:56:38 UTC 2009,"""night at the museum""",xshallsx,"['night', 'museum', 'tonite', 'instead', 'up', 'oh', 'well', '4', 'yr', 'old', 'better', 'enjoy', 'lol']"
137,2,401,Tue Jun 02 03:00:25 UTC 2009,gm,EconomyUpdates,"['gm', 'expects', 'announcment', 'sale', 'hummer', 'soon', 'reuters', 'wdsugm', 'expects', 'announcment', 'sale', 'hummer', 'httpbitly4e1fv']"
138,0,402,Tue Jun 02 03:01:10 UTC 2009,gm,mshbrown,"['unfortunate', 'stimulus', 'plan', 'put', 'place', 'twice', 'help', 'gm', 'back', 'american', 'people', 'led', 'inevitable']"
139,0,403,Tue Jun 02 03:02:17 UTC 2009,gm,misschris62,"['tell', 'again', 'giving', 'more', 'gm', 'use', 'programs', 'support', 'unemployed']"
140,0,404,Tue Jun 02 03:05:13 UTC 2009,gm,artbynemo,"['jdreiss', 'oh', 'yes', 'gm', 'dies', 'worth', 'more', 'boo', 'hahaha']"
141,0,405,Tue Jun 02 03:14:36 UTC 2009,time warner,windhamgirl,"['time', 'warner', 'cable', 'down', 'again', '3rd', 'time', 'memorial', 'day', 'bummer']"
142,0,406,Tue Jun 02 03:15:11 UTC 2009,time warner,mmmPi,"['pay', 'reasonable', 'yearly', 'taxes', 'free', 'fast', 'internet', 'gouged', 'time', 'warner', 'slow', 'connection']"
143,0,407,Tue Jun 02 03:15:23 UTC 2009,time warner,NDEddieMac,"['nooooooo', 'dvr', 'died', 'half', 'way', 'through', 'ea', 'presser', 'hate', 'time', 'warner']"
144,0,408,Tue Jun 02 03:15:54 UTC 2009,time warner,yourboysdot,"['fck', 'time', 'warner', 'cable', 'fcking', 'suck', 'balls', '700', 'hd', 'tv', 'amp', 'damn', 'hd', 'channels', 'hardly', 'come', 'bullshit']"
145,0,409,Tue Jun 02 03:16:16 UTC 2009,time warner,Shazzainla,"['time', 'warner', 'worse', 'customer', 'service', 'never', 'use', 'again']"
146,0,410,Tue Jun 02 03:16:27 UTC 2009,time warner,dstalk,"['time', 'warner', 'devil', 'worst', 'possible', 'time', 'internet', 'go', 'out']"
147,0,411,Tue Jun 02 03:16:37 UTC 2009,time warner,ernestalfonso,"['fuck', 'internet', 'damn', 'time', 'warner']"
148,0,412,Tue Jun 02 03:16:49 UTC 2009,time warner,kaaatiee,"['time', 'warner', 'really', 'picks', 'worst', 'time', 'work', 'want', 'mtvcom', 'watch', 'hills', 'wtfffff']"
149,0,413,Tue Jun 02 03:17:04 UTC 2009,time warner,JasonNegron,"['hate', 'time', 'warner', 'soooo', 'wish', 'vios', 'cant', 'watch', 'fricken', 'mets', 'game', 'wo', 'buffering', 'feel', 'im', 'watching', 'free', 'internet', 'porn']"
150,0,414,Tue Jun 02 03:17:26 UTC 2009,time warner,elphabablue,"['ahhgot', 'rid', 'stupid', 'time', 'warner', 'today', 'amp', 'now', 'taking', 'nap', 'roomies', 'cook', 'pretty', 'good', 'end', 'monday']"
151,0,415,Tue Jun 02 03:17:55 UTC 2009,time warner,gabe_rp,"['time', 'warners', 'hd', 'line', 'up', 'crap']"
152,0,416,Tue Jun 02 03:18:50 UTC 2009,time warner,JoeyCircles,"['being', 'fucked', 'time', 'warner', 'cable', 'didnt', 'know', 'modems', 'explode', 'susan', 'boyle', 'sucks']"
153,2,417,Tue Jun 02 03:22:07 UTC 2009,time warner,ScooPost,"['time', 'warner', 'cable', 'pulls', 'plug', 'girlfriend', 'experience', 'wwwtinyurlcomm595fk']"
154,0,418,Tue Jun 02 03:23:50 UTC 2009,time warner,adamjleach,"['time', 'warner', 'cable', 'slogan', 'calling', 'day', '2pm', 'happens']"
155,2,419,Tue Jun 02 03:24:43 UTC 2009,china,HYPHYROCKSTAR,"['rocawear', 'heads', 'china', 'building', '300', 'stores', 'httptinyurlcomnofet3']"
156,2,420,Tue Jun 02 03:24:47 UTC 2009,china,BreakingBizNews,"['climate', 'focus', 'turns', 'beijing', 'united', 'nations', 'european', 'governments', 'called', 'china', 'coo', 'httptinyurlcomlto92n']"
157,2,421,Tue Jun 02 03:24:57 UTC 2009,china,myfoxdc,"['myfoxdc', 'barrie', 'students', 'back', 'trip', 'china', 'silver', 'spring', 'high', 'schools', 'class', 'trip', 'china', 'en', 'httptinyurlcomnlhqba']"
158,2,422,Tue Jun 02 03:25:01 UTC 2009,china,drlombardo,"['three', 'china', 'aerospace', 'giants', 'develop', 'tianjin', 'binhai', 'new', 'area', '229', 'b', 'yuan', 'invested', 'httpbitlymmidv']"
159,2,423,Tue Jun 02 03:27:27 UTC 2009,gm,sinostream,"['httpxigs04fo', 'gm', 'ceo', 'china', 'continue', 'key', 'partner']"
160,2,424,Tue Jun 02 03:27:48 UTC 2009,gm,hammerauto,"['rt', 'latimesautos', 'now', 'time', 'buy', 'gm', 'car', 'httpbitlynrzlu']"
161,0,425,Tue Jun 02 03:29:23 UTC 2009,surgery,scoralli,"['recovering', 'surgerywishing', 'julesrenner', 'here']"
162,4,426,Tue Jun 02 03:29:53 UTC 2009,dentist,sardonnica,"['wrist', 'still', 'hurts', 'looked', 'hate', 'drdentistscary', 'places', 'time', 'watch', 'eagle', 'eye', 'want', 'join', 'txt']"
163,2,427,Tue Jun 02 03:32:14 UTC 2009,dentist,BChasnov,"['dentist', 'tomorrow', 'brush', 'well', 'morning', 'make', 'hair', 'nice', 'before', 'cut']"
164,0,428,Tue Jun 02 03:32:33 UTC 2009,dentist,LILJIZZEL,"['dentist', 'lied', 'u', 'wont', 'feel', 'discomort', 'prob', 'wont', 'even', 'need', 'pain', 'pills', 'man', 'u', 'twippin', 'shit', 'hurt', 'many', 'pills', 'take']"
165,0,429,Tue Jun 02 03:32:45 UTC 2009,dentist,giz2000,"['kirstiealley', 'dentist', 'great', 'shes', 'expensive']"
166,2,430,Tue Jun 02 03:33:30 UTC 2009,dentist,cmonaussiecmon,"['kirstiealley', 'pet', 'dentist', 'httpwwwfunnyvillecomfvpicturesdogdenturesshtml']"
167,4,431,Tue Jun 02 03:33:53 UTC 2009,dentist,sorayabouby,"['studing', 'math', 'tomorrow', 'exam', 'dentist']"
168,0,432,Tue Jun 02 03:34:27 UTC 2009,dentist,jeffreymodest,"['dentist', 'wrong', 'wrong']"
169,0,433,Tue Jun 02 03:34:39 UTC 2009,dentist,yowneh,"['going', 'dentist', 'later']"
170,0,434,Tue Jun 02 03:34:58 UTC 2009,dentist,CWilliams_Rltr,"['son', 'looking', 'cars', 'online', 'hate', 'car', 'shopping', 'go', 'dentist', 'anyone', 'good', 'car', 'good', 'price', 'sell']"
171,2,435,Tue Jun 02 04:29:16 UTC 2009,baseball,SimpleManJess,"['ncaa', 'baseball', 'super', 'regional', 'rams', 'club', 'httpbitlyro7nx']"
172,2,436,Tue Jun 02 04:29:26 UTC 2009,baseball,H3LLGWAR,"['started', 'playing', 'major', 'league', 'baseball', '2k9', 'httpraptrcomh3llgwar']"
173,2,437,Tue Jun 02 04:29:30 UTC 2009,baseball,LouisvilleGrads,"['cardinals', 'baseball', 'advance', 'super', 'regionals', 'face', 'csfullerton', 'friday']"
174,2,438,Tue Jun 02 04:39:24 UTC 2009,sony,SwainFamily,"['sony', 'coupon', 'code', 'expires', 'soon', 'httpwwwcoupondorkcomr1796']"
175,2,439,Tue Jun 02 04:39:49 UTC 2009,safeway,neeeelia,"['waiting', 'line', 'safeway']"
176,0,440,Tue Jun 02 04:39:59 UTC 2009,safeway,ryanlipert,"['luke', 'stopped', 'walking', 'out', 'safeway', 'asked', 'empty', 'pockets', 'lift', 'shirts', 'jacked', 'up']"
177,2,441,Tue Jun 02 04:41:03 UTC 2009,safeway,evan,"['realize', 'gym', 'above', 'safeway']"
178,2,442,Tue Jun 02 04:41:07 UTC 2009,safeway,ronjon,"['xphile1908', 'three', 'words', 'safeway', 'dot', 'com']"
179,4,443,Tue Jun 02 04:41:19 UTC 2009,safeway,missleigh,"['safeway', 'very', 'rock', 'n', 'roll', 'tonight']"
180,2,444,Tue Jun 02 04:41:36 UTC 2009,safeway,SharkKMV,"['bout', 'hit', 'safeway', 'gotta', 'eat']"
181,2,445,Tue Jun 02 04:41:48 UTC 2009,safeway,bosZmom,"['jakes', 'going', 'safeway']"
182,2,446,Tue Jun 02 04:41:58 UTC 2009,safeway,penlynwilson,"['found', 'safeway', 'picking', 'up', 'few', 'staples']"
183,2,447,Tue Jun 02 04:42:28 UTC 2009,safeway,mobileadgirl,"['safeway', 'supermarketing', 'via', 'mobile', 'coupons', 'httpbitlyonh7w']"
184,0,448,Tue Jun 02 04:42:34 UTC 2009,safeway,phantomzangel,"['safeway', 'bathroom', 'still', 'smells', 'ass']"
185,0,449,Tue Jun 02 04:42:46 UTC 2009,safeway,BreezB,"['safeway', 'elkhorn', 'move', 'theyre', 'dead']"
186,2,451,Tue Jun 02 06:53:03 UTC 2009,eating,nonstopdiets,"['normal', 'weight', 'normal', 'eating', 'blog', 'httpbitlyzet8o']"
187,2,452,Tue Jun 02 06:53:11 UTC 2009,eating,janelleshanks,"['eating', 'watching', 'movies']"
188,2,456,Tue Jun 02 06:53:27 UTC 2009,eating,hanaho,"['eating', 'sashimi']"
189,2,457,Tue Jun 02 06:53:37 UTC 2009,eating,Fiel,"['eating', 'home', 'made', 'yema']"
190,2,458,Tue Jun 02 06:54:16 UTC 2009,eating,aaindefenzo,"['eating', 'cake']"
191,4,531,Thu Jun 04 16:49:55 UTC 2009,nike,CrownRoyal8,"['love', 'dwight', 'howards', 'vitamin', 'water', 'commercial', 'now', 'wish', 'nike', 'adidas', 'lol']"
192,0,532,Thu Jun 04 16:52:36 UTC 2009,nike,MrGQ,"['found', 'nothing', 'nike', 'factory', 'banana', 'republic', 'outlet', 'httpmylocme2zic']"
193,2,533,Thu Jun 04 16:53:09 UTC 2009,nike,ngngfrancis,"['iphone', 'radio', 'tagging', 'nike', 'recentlyreleased', 'itunes', 'version', '82', 'suggests', 'voiceover', 'functional', 'httptinyurlcomoq5ctc']"
194,4,534,Thu Jun 04 16:54:23 UTC 2009,nike,mikelongden,"['lovin', 'nike', 'already', 'thats', 'running', 'spot', 'bedroom']"
195,2,556,Sun Jun 07 01:12:50 UTC 2009,jquery,imgsearch,"['launched', 'httpimgsearchnet', 'imgsearch', 'ajax', 'jquery', 'webapp']"
196,4,557,Sun Jun 07 01:13:52 UTC 2009,jquery,teagone,"['matthewcyan', 'finally', 'around', 'using', 'jquery', 'make', 'bio', 'collapse', 'yay', 'slide', 'animations']"
197,2,558,Sun Jun 07 01:14:08 UTC 2009,jquery,marcroberts,"['rt', 'jquery', 'ultimate', 'jquery', 'list', 'httpjquerylistcom']"
198,2,559,Sun Jun 07 01:14:15 UTC 2009,jquery,jacobrothstein,"['extracted', 'opensourced', 'jquery', 'plugin', 'stormweight', 'highlight', 'text', 'regular', 'expression', 'httpbitlyybjkb']"
199,2,560,Sun Jun 07 01:14:19 UTC 2009,jquery,bedroomation,"['anna_debenham', 'php', 'jquery', 'hack']"
200,2,561,Sun Jun 07 01:14:42 UTC 2009,jquery,vmkobs,"['jquery', 'cheat', 'sheet', 'httpwwwjavascripttoolboxcomjquerycheatsheet']"
201,2,562,Sun Jun 07 01:15:04 UTC 2009,jquery,NewTechBooks,"['beginning', 'javascript', 'css', 'development', 'jquery', 'javascript', 'css', 'jquery', 'httpbitlyto3e5']"
202,4,563,Sun Jun 07 03:27:57 UTC 2009,warren buffet,adthomas3,"['pdubyad', 'right', 'lol', 'well', 'high', 'expectations', 'warren', 'buffet', 'style']"
203,4,564,Sun Jun 07 03:28:08 UTC 2009,warren buffet,Alfred04654,"['rt', 'blknprecious1', 'rt', 'great', 'dbroos', 'someones', 'sitting', 'shade', 'today', 'because', 'someone', 'planted', 'tree', 'long', 'time', 'ago', 'warren', 'buffet']"
204,2,565,Sun Jun 07 03:28:50 UTC 2009,warren buffet,LovelyMiska,"['warren', 'buffet', 'economy', 'httppingfmlau0p']"
205,4,566,Sun Jun 07 03:29:15 UTC 2009,warren buffet,adamgilmer,"['warren', 'buffet', 'became', 'time', 'richest', 'man', 'united', 'states', 'working', 'investing', '1', 'big', 'idea', 'lead', 'fortune']"
206,4,567,Sun Jun 07 17:42:47 UTC 2009,notre dame school,PatfaceCatface,"['according', 'create', 'school', 'notre', 'dame', '7', 'receivers', 'ncaa', '10', '84', 'higher', 'rating', 'sweet']"
207,2,568,Sun Jun 07 17:42:56 UTC 2009,notre dame school,MY_NBA_PLAYOFFS,"['allstar', 'basketball', 'classic', 'tuesday', 'features', 'top', 'talent', 'chattanoogas', 'notre', 'dame', 'high', 'school', 'play', 'host', 'httpbitlyqltja']"
208,4,569,Sun Jun 07 21:38:16 UTC 2009,kindle2,rachaelbender,"['blondebroad', 'definitely', 'under', 'warranty', 'amp', 'experience', 'amazon', 'support', 'kindle', 'great', 'contact', 'kindle2']"
209,2,570,Sun Jun 07 21:38:42 UTC 2009,kindle2,aqrinc,"['rt', 'look', 'available', 'amazon', 'kindle2', 'amp', 'kindle', 'dx', 'here', 'httpshortto87ub', 'top', 'electronic', 'book', 'reader', 'period', 'free', '2', 'day', 'ship']"
210,0,571,Sun Jun 07 21:47:01 UTC 2009,time warner,davepurcell,"['time', 'warner', 'road', 'runner', 'customer', 'support', 'here', 'absolutely', 'blows', 'hate', 'having', 'highspeed', 'net', 'options', 'im', 'ready', 'go', 'nuclear']"
211,0,572,Sun Jun 07 21:47:20 UTC 2009,time warner,MarleyLuv26,"['time', 'warner', 'cable', 'phone', 'reps', 'r', 'dumber', 'nails', 'ugh', 'cable', 'working', '10', 'mins', 'ago', 'now', 'wtf']"
212,0,573,Sun Jun 07 21:47:33 UTC 2009,time warner,acomicbookgirl,"['siratomofbones', 'tried', 'time', 'warner', 'wasnt', 'being', 'nice', 'recorded', 'today']"
213,0,574,Sun Jun 07 21:47:42 UTC 2009,time warner,MichelleEReagan,"['omg', 'time', 'warner', 'fed', 'up', 'internet', 'install', 'instead', 'today', 'now', 'next', 'saturday', 'another', 'week', 'wo', 'internet', 'ampehfav9fhg', 'fml']"
214,0,575,Sun Jun 07 21:47:50 UTC 2009,time warner,jpaje11,"['wthi', 'never', 'seen', 'line', 'loooong', 'time', 'warner', 'before', 'ugh']"
215,0,576,Sun Jun 07 21:47:56 UTC 2009,time warner,JessSlevin,"['impatiently', 'awaiting', 'arrival', 'time', 'warner', 'guy', 'way', 'pretty', 'inside', 'afternoon']"
216,2,577,Mon Jun 08 00:01:29 UTC 2009,federer,jworthington,"['man', 'accosts', 'roger', 'federer', 'during', 'french', 'open', 'httpffim3hcpt']"
217,0,578,Mon Jun 08 01:58:49 UTC 2009,"""naive bayes""",R0B3rt2,"['naive', 'bayes', 'using', 'em', 'text', 'classification', 'really', 'frustrating']"
218,4,585,Mon Jun 08 06:28:01 UTC 2009,stanford,TammyT,"['went', 'stanford', 'university', 'today', 'tour', 'made', 'want', 'go', 'back', 'college', 'decided', 'kids', 'go']"
219,2,586,Mon Jun 08 06:28:05 UTC 2009,stanford,elliottng,"['investigation', 'pending', 'death', 'stanford', 'cs', 'prof', 'google', 'mentor', 'rajeev', 'motwani', 'httpbitlylwour', 'tip', 'techmeme']"
220,2,587,Mon Jun 08 06:28:23 UTC 2009,stanford,Shibuki_kun,"['im', 'going', 'bed', 'successful', 'weekend', 'stanford', 'here', 'come']"
221,0,588,Mon Jun 08 06:55:01 UTC 2009,car warranty call,painhatelove,"['karrisfoxy', 'youre', 'being', 'harassed', 'calls', 'car', 'warranty', 'changing', 'number', 'wont', 'fix', 'call', 'number', 'dbags']"
222,0,589,Mon Jun 08 06:55:36 UTC 2009,car warranty call,russdavisdotcom,"['blocked', 'united', 'blood', 'services', 'using', 'google', 'voice', 'call', 'more', 'those', 'car', 'warranty', 'guys']"
223,0,594,Mon Jun 08 19:59:16 UTC 2009,at&t,jamesmakeseyes,"['atampt', 'complete', 'fail']"
224,0,595,Mon Jun 08 19:59:23 UTC 2009,at&t,mikeyil,"['broskiii', 'oh', 'snap', 'work', 'atampt', 'dont']"
225,0,596,Mon Jun 08 19:59:26 UTC 2009,at&t,nakiasmile,"['mbjthegreat', 'really', 'dont', 'want', 'atampt', 'phone', 'servicethey', 'suck', 'comes', 'having', 'signal']"
226,0,597,Mon Jun 08 20:00:52 UTC 2009,at&t,wiiskey,"['cut', 'out', 'small', 'talk', 'atampts', 'new', 'slogan', 'f__k', 'give', 'money', 'apologies', 'bob', 'geldof']"
227,0,598,Mon Jun 08 20:01:11 UTC 2009,at&t,brkd,"['pissed', 'atampts', 'midcontract', 'upgrade', 'price', 'iphone', '200', 'more', 'im', 'going', 'pay', '499', 'something', 'thought', '299']"
228,0,599,Mon Jun 08 20:02:01 UTC 2009,at&t,jesusmbaez,"['safari', '4', 'fast', 'even', 'shitty', 'atampt', 'tethering']"
229,0,600,Mon Jun 08 20:06:29 UTC 2009,at&t,ClaystationX,"['ims', 'atampt', 'fucking', 'up']"
230,0,601,Mon Jun 08 20:06:57 UTC 2009,at&t,matthewphewes,"['springsingfiend', 'dvyers', 'sethdaggett', 'jlshack', 'atampt', 'dropped', 'ball', 'isnt', 'supporting', 'crap', 'new', 'iphone', '30', 'fail', 'att', 'sucks']"
231,0,602,Mon Jun 08 20:08:26 UTC 2009,at&t,chelseabot,"['mmbarnhill', 'yay', 'glad', 'phone', 'still', 'damn', 'atampt']"
232,2,603,Mon Jun 08 20:46:01 UTC 2009,wave sandbox,girgely,"['google', 'wave', 'developer', 'sandbox', 'account', 'request', 'httpbitly2nylc']"
233,0,613,Tue Jun 09 01:02:11 UTC 2009,bing,StrategisAdv,"['talk', 'cheap', 'bing', 'ill', 'stick', 'google', 'httpbitlyxc3c8']"
234,0,614,Tue Jun 09 03:58:40 UTC 2009,summize,fabulousaura,"['defsounds', 'wtf', 'point', 'deleting', 'tweets', 'still', 'found', 'summize', 'searches', 'twitter', 'please', 'fix', 'thanks', 'bye']"
235,2,626,Wed Jun 10 05:24:16 UTC 2009,google,drylight,"['mattcutts', 'google', 'profiles', 'stopped', 'showing', 'up', 'searches', 'cant', 'see', 'anymore']"
236,4,627,Wed Jun 10 05:24:26 UTC 2009,google,ManiKarthik,"['arunbasillal', 'love', 'google', 'translator', 'd', 'good', 'day', 'mate']"
237,4,1002,Mon May 11 03:17:54 UTC 2009,kindle2,jhall515,"['reading', 'new', 'kindle2']"
238,4,1003,Mon May 11 03:18:59 UTC 2009,kindle2,HappyWino,"['kindle2', 'came', 'love']"
239,4,1004,Mon May 11 03:21:50 UTC 2009,kindle2,Teaguem2005,"['loving', 'new', 'kindle2', 'named', 'kendra', 'case', 'u', 'wondering', 'cookbook', 'tool', 'cuz', 'tells', 'u', 'tricks', 'best', 'gift', 'evr']"
240,0,1005,Mon May 11 03:22:24 UTC 2009,aig,dailysourcedev,"['real', 'aig', 'scandal', 'httpbitlyb82px']"
241,2,1006,Mon May 11 03:27:20 UTC 2009,twitter,gandhirama,"['twitter', 'aprs', 'apps']"
242,2,1007,Mon May 11 03:27:58 UTC 2009,twitter,delpop,"['45', 'pros', 'following', 'twitter', 'httpisgdsmbz']"
243,4,1008,Mon May 11 03:29:01 UTC 2009,obama,lingbellbell,"['obama', 'quite', 'good', 'comedian', 'check', 'out', 'dinner', 'speech', 'cnn', 'very', 'funny', 'jokes']"
244,4,1009,Mon May 11 03:29:38 UTC 2009,obama,motsandco,"['barack', 'obama', 'shows', 'funny', 'side', 'gtgt', 'httptriml0gy', 'great', 'speech']"
245,4,1010,Mon May 11 03:29:41 UTC 2009,obama,mickou,"['guy', 'barack', 'obama', 'shows', 'funny', 'side', 'gtgt', 'httptriml0gy']"
246,4,1011,Mon May 11 03:32:35 UTC 2009,obama,meggentile,"['obamas', 'speech', 'pretty', 'awesome', 'last', 'night', 'httpbitlyimxum']"
247,4,1012,Mon May 11 03:33:05 UTC 2009,obama,failness,"['reading', 'bill', 'clinton', 'fail', 'obama', 'win', 'httptinyurlcompcyxj7']"
248,4,1013,Mon May 11 03:33:43 UTC 2009,obama,kledy,"['obama', 'more', 'popular', 'arabs', 'survey', 'president', 'barack', 'obamas', 'popularity', 'leading', 'arab', 'countries', 'httptinyurlcomprlvqu']"
249,4,1014,Mon May 11 03:34:04 UTC 2009,obama,LaurelEdelstein,"['obamas', 'jokes', 'haha', 'watch', 'bit', 'dinner', 'speech', 'last', 'night', 'im', 'love', 'mr', 'president']"
250,0,1015,Mon May 11 05:19:58 UTC 2009,lebron,chelseabigass,"['lebron', 'james', 'car', 'accident', 'guessjust', 'heard', 'evening', 'newswow', 'cant', 'believe', 'itwill', 'ok', 'httptwtadcom69750']"
251,4,1016,Mon May 11 05:20:22 UTC 2009,lebron,Smitty478,"['best', 'playoffs', 'years', 'oh', 'yea', 'lebron', 'melo', 'finals']"
252,4,1017,Mon May 11 05:20:41 UTC 2009,lebron,PurpleGorillaZz,"['khalid0456', 'lebron', 'best']"
253,4,1018,Mon May 11 05:20:48 UTC 2009,lebron,MsStacha,"['the_real_usher', 'lebron', 'cool', 'personalityhe', 'good', 'character']"
254,4,1019,Mon May 11 05:21:25 UTC 2009,lebron,undefeated310,"['watching', 'lebron', 'highlights', 'damn', 'niggas', 'good']"
255,4,1020,Mon May 11 05:21:57 UTC 2009,lebron,BI_POLAROID,"['lou911', 'lebron', 'murdering', 'shit']"
256,4,1021,Mon May 11 05:22:06 UTC 2009,lebron,IAmNoeAngel,"['uscsports21', 'lebron', 'monsta', '24', 'smh', 'world', 'aint', 'ready']"
257,4,1022,Mon May 11 05:22:26 UTC 2009,lebron,ksmedia,"['cthagod', 'lebron', 'done', 'nba', 'probably', 'greater', 'kobe', 'u', 'kobe', 'good', 'alot', 'good', 'players']"
258,4,1023,Mon May 11 05:22:40 UTC 2009,lebron,PrEttIBoIGaRy,"['kobe', 'good', 'bt', 'lebron', 'vote']"
259,0,1024,Mon May 11 05:22:51 UTC 2009,lebron,kellan38,"['kobe', 'best', 'world', 'lebron']"
260,4,1025,Mon May 11 05:52:44 UTC 2009,world cup,jsincere150,"['asherroth', 'world', 'cup', '2010', 'access', 'damn', 'thats', 'good', 'look']"
261,4,1026,Mon May 11 05:53:33 UTC 2009,world cup 2010,biren,"['bought', 'tickets', '2010', 'fifa', 'world', 'cup', 'south', 'africa', 'going', 'great', 'summer', 'httpbitly9gezi']"
262,2,1031,Mon May 11 19:49:06 UTC 2009,fred wilson,DoAndroidsDream,"['share', 'disruptionfred', 'wilsons', 'slides', 'talk', 'google', 'hq', 'httpbitlybo8pg']"
263,0,2010,Thu May 14 02:58:11 UTC 2009,"""booz allen""",Moc5085,"['go', 'booz', 'allen', 'hamilton', '2hr', 'meeting', 'go', 'home']"
264,4,2011,Thu May 14 03:41:01 UTC 2009,indian election,citizenofindia,"['great', 'indian', 'tamasha', 'truly', 'unfold', '16', 'result', 'day', 'indian', 'general', 'election']"
265,4,2012,Thu May 14 05:23:32 UTC 2009,kindle2,Melonze,"['crlane', 'kindle2', 'ive', 'seen', 'pictures', 'dx', 'havent', 'seen', 'person', 'love', 'kindle', 'im', 'everyday']"
266,4,2013,Thu May 14 05:24:33 UTC 2009,kindle2,SPReviews,"['criticalpath', 'such', 'awesome', 'idea', 'continual', 'learning', 'program', 'kindle2', 'httpbitly1zlff']"
267,2,2014,Thu May 14 05:25:08 UTC 2009,40d,ha_nobita,"['ok', 'nothing', 'thinking', '40d']"
268,4,2015,Thu May 14 05:26:03 UTC 2009,40d,Jen2Squared,"['faithbabywear', 'ooooh', 'model', 'getting', '40d', 'love', 'love', 'love', 'love']"
269,4,2018,Fri May 15 06:45:54 UTC 2009,india election,__new,"['times', 'india', 'wonder', 'indias', 'election', 'httpbitlyp7u1h']"
270,4,2080,Sat May 16 16:18:47 UTC 2009,google,BillVick,"['httpisgdaruj', 'good', 'video', 'google', 'using', 'search', 'options']"
271,0,2083,Sat May 16 22:42:21 UTC 2009,itchy,xmikeflhxcx,"['ambcharlesfield', 'lol', 'ah', 'skin', 'itchy', 'damn', 'lawnmowing']"
272,0,2084,Sat May 16 22:42:40 UTC 2009,itchy,Timl9068,"['itchy', 'back', 'dont', 'ya', 'hate']"
273,4,2085,Sat May 16 23:48:10 UTC 2009,stanford,PassionModel,"['stanford', 'charity', 'fashion', 'show', 'top', 'draw', 'httpcligsnenuah']"
274,4,2086,Sat May 16 23:48:38 UTC 2009,stanford,TechUpdater,"['stanford', 'universitys', 'facebook', 'profile', 'one', 'popular', 'official', 'university', 'pages', 'httptinyurlcomp5b3fl']"
275,4,2087,Sat May 16 23:58:44 UTC 2009,lyx,robotickilldozr,"['lyx', 'cool']"
276,4,2093,Sun May 17 15:04:50 UTC 2009,Danny Gokey,TheDALiSiA,"['sooo', 'dissapointed', 'sent', 'danny', 'gokey', 'home', 'still', 'rock', 'danny', 'hometown', 'hero', 'yeah', 'milrockee']"
277,4,2094,Sun May 17 15:04:55 UTC 2009,Danny Gokey,fashion_retweet,"['rt', 'passionmodel', 'american', 'idol', 'fashion', 'adam', 'lambert', 'tones', 'down', 'danny', 'gokey', 'cute', 'httpcligs7jwshv']"
278,4,2095,Sun May 17 15:05:07 UTC 2009,Danny Gokey,angelkim17,"['dannygokey', 'love', 'danny', 'gokey']"
279,2,2096,Sun May 17 15:10:58 UTC 2009,gm,download11,"['rt', 'justindavey', 'rt', 'tweetmeme', 'gm', 'onstar', 'now', 'instantly', 'sends', 'accident', 'location', 'coordinates', '911', 'gps', 'obsessed', 'httpbitly16szl1']"
280,0,2097,Sun May 17 17:27:54 UTC 2009,sleep,nichole17,"['tired', 'didnt', 'sleep', 'well', 'last', 'night']"
281,0,2098,Sun May 17 17:29:05 UTC 2009,san francisco,xstaylor,"['boarding', 'plane', 'san', 'francisco', '1', 'hour', '6', 'hr', 'flight', 'blech']"
282,0,2099,Sun May 17 17:29:41 UTC 2009,san francisco,miwahh,"['bonjour', 'san', 'francisco', 'back', 'hurts', 'last', 'night']"
283,2,2100,Sun May 17 17:30:03 UTC 2009,san francisco,bKnapp,"['breakers', 'san', 'francisco', 'ca', 'httplooptus4v88bwt']"
284,2,2101,Sun May 17 17:30:25 UTC 2009,san francisco,rayceja,"['heading', 'san', 'francisco']"
285,4,2102,Sun May 17 17:30:48 UTC 2009,san francisco,deepikaC,"['best', 'girl', 'few', 'more', 'hours', 'san', 'francisco', 'mmmmmfamily', 'wonderful']"
286,0,2103,Sun May 17 17:31:44 UTC 2009,aig,kaaslaw,"['f', 'up', 'big', 'go', 'home', 'aig']"
287,4,2104,Sun May 17 17:34:55 UTC 2009,star trek,Pgobb,"['went', 'see', 'star', 'trek', 'movie', 'last', 'night', 'very', 'satisfying']"
288,4,2105,Sun May 17 17:35:23 UTC 2009,star trek,qrboy85,"['cant', 'wait', 'going', 'see', 'star', 'trek', 'tonight']"
289,4,2106,Sun May 17 17:35:58 UTC 2009,star trek,adamrisser,"['star', 'trek', 'good', 'everyone']"
290,4,2107,Mon May 18 01:13:21 UTC 2009,Malcolm Gladwell,GoodPhoenix,"['loving', 'new', 'malcolm', 'gladwell', 'book', 'outliers']"
291,4,2108,Mon May 18 01:13:42 UTC 2009,Malcolm Gladwell,silentcarto,"['highly', 'recommend', 'malcolm', 'gladwells', 'tipping', 'point', 'next', 'audiobook', 'probably', 'one', 'well']"
292,0,2109,Mon May 18 01:14:02 UTC 2009,Malcolm Gladwell,kerrrrrr,"['malcolm', 'gladwell', 'genius', 'tricking', 'people', 'realizing', 'hes', 'fucking', 'idiot']"
293,0,2110,Mon May 18 01:14:35 UTC 2009,Malcolm Gladwell,bling_crosby,"['sportsguy33', 'hey', 'offense', 'malcolm', 'gladwell', 'pretenious', 'annoying', 'cunt', 'brings', 'down', 'cant', 'read', 'shit']"
294,4,2111,Mon May 18 01:15:31 UTC 2009,Malcolm Gladwell,ripplemdk,"['rt', 'clashmore', 'httpbitlysoyv7', 'great', 'article', 'malcolm', 'gladwell']"
295,4,2112,Mon May 18 01:16:10 UTC 2009,Malcolm Gladwell,drewlew34,"['seriously', 'underestimated', 'malcolm', 'gladwell', 'want', 'meet', 'dude']"
296,0,2113,Mon May 18 01:21:12 UTC 2009,comcast,MrsGinobili,"['hate', 'comcast', 'right', 'now', 'everything', 'down', 'cable', 'internet', 'amp', 'phoneughh']"
297,0,2114,Mon May 18 01:22:40 UTC 2009,comcast,stormygirl223,"['comcast', 'sucks']"
298,0,2115,Mon May 18 01:23:00 UTC 2009,comcast,theZoctor,"['day', 'never', 'deal', 'comcast', 'again', 'rank', 'one', 'best', 'days', 'life']"
299,0,2116,Mon May 18 01:23:30 UTC 2009,comcast,motkeps,"['dommm', 'comcast', 'fail', 'again']"
300,2,2117,Mon May 18 03:10:34 UTC 2009,"""twitter api""",YouAnswer,"['use', 'twitter', 'api', 'httpbitly4vbhh']"
301,0,2118,Mon May 18 03:10:52 UTC 2009,"""twitter api""",marekdsi,"['curses', 'twitter', 'api', 'limit']"
302,0,2119,Mon May 18 03:11:27 UTC 2009,"""twitter api""",mikecane,"['now', 'see', 'dave', 'winer', 'screams', 'lack', 'twitter', 'api', 'limitations', 'access', 'throttles']"
303,2,2120,Mon May 18 03:11:50 UTC 2009,"""twitter api""",trivektor,"['testing', 'twitter', 'api']"
304,0,2121,Mon May 18 03:12:09 UTC 2009,"""twitter api""",rdoc420,"['arg', 'twitter', 'api', 'making', 'crazy']"
305,2,2122,Mon May 18 03:12:23 UTC 2009,"""twitter api""",Hot_Tweets,"['testing', 'twitter', 'api', 'remote', 'update']"
306,4,2137,Tue May 19 16:20:40 UTC 2009,wolfram alpha,jeffswhite,"['im', 'really', 'loving', 'new', 'search', 'site', 'wolframalpha', 'makes', 'google', 'seem', 'quaint', 'httpwww72wolframalphacom']"
307,0,2138,Tue May 19 16:21:05 UTC 2009,wolfram alpha,marriop,"['wolfram', 'alpha', 'sucks', 'even', 'researchers', 'information', 'provided', 'less', 'google', 'wikipedia', 'totally', 'useless']"
308,4,2139,Wed May 20 02:37:18 UTC 2009,nike,kewpiezmom,"['nike', 'factory']"
309,4,2140,Wed May 20 02:38:17 UTC 2009,nike,Chet_Lemon,"['new', 'nike', 'muppet', 'commercials', 'pretty', 'cute', 'live', 'together', 'again']"
310,2,2141,Wed May 20 02:38:28 UTC 2009,nike,sneakerfiles,"['new', 'blog', 'post', 'nike', 'zoom', 'lebron', 'soldier', '3', 'iii', 'white', 'black', 'teal', 'httpbitlyrouus']"
311,2,2142,Wed May 20 02:38:47 UTC 2009,nike,nikeblog,"['new', 'blog', 'post', 'nike', 'trainer', '1', 'httpbitly394bp']"
312,0,2143,Wed May 20 02:39:22 UTC 2009,nike,laurenornot,"['fraggle312', 'oh', 'those', 'awesome', 'wish', 'werent', 'owned', 'nike']"
313,4,2158,Sat May 23 04:23:54 UTC 2009,shoreline amphitheatre,julieules,"['tonyhawk', 'httptwitpiccom5c7uj', 'awesome', 'seeing', 'show', 'friday', 'shoreline', 'amphitheatre', 'never', 'seen', 'nin', 'before', 'cant', 'wait']"
314,0,2159,Sat May 23 20:43:16 UTC 2009,weka,gux_kung,"['arhh', 'weka', 'bug', 'spent', 'two', 'hours', 'find', 'out', 'crappy']"
315,4,2160,Sun May 24 16:18:46 UTC 2009,50d,GrfxGuru,"['mitzs', 'hey', 'bud', 'np', 'love', '50d', 'although', 'id', 'love', '5d', 'mkii', 'more']"
316,4,2161,Sun May 24 16:18:54 UTC 2009,50d,joelgoodman,"['jonduenas', 'robynlyn', '50d', 'office', 'd']"
317,4,2162,Sun May 24 16:19:00 UTC 2009,50d,trevorcgibson,"['picked', 'up', 'new', 'canon', '50dits', 'beautiful', 'prepare', 'seriously', 'awesome', 'photography']"
318,4,2163,Sun May 24 16:19:03 UTC 2009,50d,ashpeckham,"['new', 'toy', 'canon', '50d', 'love', 'love', 'love']"
319,4,2164,Sun May 24 20:48:13 UTC 2009,lambda calculus,davidivins,"['learning', 'lambda', 'calculus']"
320,2,2165,Sun May 24 20:49:34 UTC 2009,east palo alto,SCSanFrancisco,"['jobs', 'sittercity', 'help', 'taking', 'care', 'sick', 'child', 'east', 'palo', 'alto', 'ca', 'httptinyurlcomqwrr2m']"
321,4,2166,Sun May 24 20:50:19 UTC 2009,east palo alto,nfarzan,"['im', 'moving', 'east', 'palo', 'alto']"
322,4,2171,Mon May 25 17:14:58 UTC 2009,stanford,tylerlin,"['atebits', 'finished', 'watching', 'stanford', 'iphone', 'class', 'session', 'really', 'appreciate', 'rock']"
323,4,2172,Mon May 25 17:15:05 UTC 2009,stanford,souleaterjh,"['jktweet', 'hi', 'saw', 'stanford', 'talk', 'really', 'liked', 'advice', 'saying', 'hi', 'singapore', 'yes', 'videos', 'around']"
324,2,2173,Mon May 25 17:15:18 UTC 2009,stanford,MbaAdmission,"['mba', 'admissions', 'tips', 'stanford', 'gsb', 'deadlines', 'essay', 'topics', '20092010', 'httptinyurlcompet4fd']"
325,2,2174,Mon May 25 17:15:35 UTC 2009,stanford,narain,"['ethics', 'nonprofits', 'httpbitlyqsxrp', 'stanford', 'socialentrepreneurship']"
326,4,2175,Mon May 25 17:16:52 UTC 2009,lakers,JuanGir,"['lakers', 'tonight', 'lets', 'go']"
327,4,2176,Mon May 25 17:17:10 UTC 2009,lakers,Alexi_G,"['lakers', 'kick', 'nuggets', 'ass', 'tonight']"
328,0,2177,Mon May 25 17:18:49 UTC 2009,north korea,one_eighteen,"['oooooooh', 'north', 'korea', 'troubleeeee', 'httpbitly19epah']"
329,0,2178,Mon May 25 17:19:07 UTC 2009,north korea,FOLKTALE09,"['wat', 'heck', 'north', 'korea', 'doing', 'conducted', 'powerful', 'nuclear', 'tests', 'follow', 'link', 'httpwwwmsnbcmsncomid30921379']"
330,0,2179,Mon May 25 17:19:30 UTC 2009,north korea,Mvsic,"['listening', 'obama', 'friggin', 'north', 'korea']"
331,0,2180,Mon May 25 17:21:16 UTC 2009,pelosi,CFURNAROS,"['realized', 'three', 'monkeys', 'white', 'obamabidenpelosi', 'sarah', 'palin', '2012']"
332,0,2181,Mon May 25 17:21:30 UTC 2009,pelosi,Rachael90210,"['foxnews', 'pelosi', 'stay', 'china', 'never', 'come', 'back']"
333,0,2182,Mon May 25 17:21:35 UTC 2009,pelosi,TylerSchmidt,"['nancy', 'pelosi', 'gave', 'worst', 'commencement', 'speech', 'ive', 'heard', 'yes', 'im', 'still', 'bitter']"
334,0,2183,Mon May 25 17:25:36 UTC 2009,insects,KayJay_x,"['ugh', 'amount', 'times', 'stupid', 'insects', 'bitten', 'grr']"
335,4,2184,Mon May 25 17:25:54 UTC 2009,insects,BecCrew,"['prettiest', 'insects', 'pink', 'katydids', 'httpbitly2upw2p']"
336,0,2185,Mon May 25 17:26:30 UTC 2009,insects,euthanasia86,"['barraged', 'horde', 'insects', 'hungry', 'kitchen', 'light', 'scary']"
337,4,2187,Mon May 25 17:29:06 UTC 2009,mcdonalds,connlocks,"['mcdonalds', 'dinner', 'd', 'goooood', 'big', 'mac', 'meal']"
338,4,2188,Mon May 25 17:29:11 UTC 2009,mcdonalds,MamiYessi,"['ahh', 'yes', 'lol', 'ima', 'tell', 'hubby', 'go', 'sum', 'mcdonalds']"
339,4,2190,Mon May 25 17:29:46 UTC 2009,mcdonalds,Yuleineeee,"['stopped', 'lunch', 'mcdonalds', 'chicken', 'nuggetssss', 'yummmmmy']"
340,4,2191,Mon May 25 17:29:51 UTC 2009,mcdonalds,XrachulX,"['go', 'lot', 'mcdonalds', 'mean', 'lot']"
341,4,2193,Mon May 25 17:31:52 UTC 2009,exam,xKimmelie,"['exam', 'went', 'good', 'helloleonie', 'prayers', 'worked']"
342,4,2194,Mon May 25 17:31:58 UTC 2009,exam,laulaulauren,"['one', 'exam', 'left', 'happy', 'd']"
343,0,2195,Mon May 25 17:32:22 UTC 2009,exam,elllllen,"['math', 'review', 'im', 'going', 'fail', 'exam']"
344,0,2196,Mon May 25 17:35:08 UTC 2009,cheney,LPSsports43,"['colin', 'powell', 'rocked', 'yesterday', 'cbs', 'cheney', 'needs', 'shut', 'hell', 'up', 'go', 'homepowell', 'man', 'honor', 'served', 'country', 'proudly']"
345,0,2197,Mon May 25 17:35:43 UTC 2009,cheney,joahs,"['obviously', 'siding', 'cheney', 'here', 'httpbitly19j2d']"
346,4,2202,Tue May 26 22:39:46 UTC 2009,mashable,paulobsf,"['absolutely', 'hilarious', 'mashable', 'httpbitlybccwt']"
347,4,2203,Tue May 26 22:40:41 UTC 2009,mashable,christinerose,"['mashable', 'never', 'thank', 'including', 'top', '100', 'twitter', 'authors', 'rock', 'amp', 'new', 'wave', 'd', 'httpbitlyeorfv']"
348,2,2204,Wed May 27 00:34:45 UTC 2009,jquery book,cfbloggers,"['learning', 'jquery', '13', 'book', 'review', 'httpcfbloggersorgc30629']"
349,4,2205,Wed May 27 00:37:30 UTC 2009,jquery book,pdelsignore,"['rt', 'shrop', 'awesome', 'jquery', 'reference', 'book', 'coda', 'httpwwwmacpeepscomcoda', 'webdesign']"
350,4,2206,Wed May 27 00:38:44 UTC 2009,goodby silverstein,bskatz,"['ive', 'sending', 'emails', 'crazy', 'today', 'contactsdoes', 'anyone', 'contact', 'goodby', 'silversteinid', 'love', 'speak']"
351,2,2207,Wed May 27 00:39:05 UTC 2009,goodby silverstein,sc0ttman,"['adobe', 'cs4', 'commercial', 'goodby', 'silverstein', 'httpbitly1aikhf']"
352,4,2208,Wed May 27 00:39:17 UTC 2009,goodby silverstein,designplay,"['goodby', 'silversteins', 'new', 'site', 'httpwwwgoodbysilversteincom', 'enjoy']"
353,4,2220,Wed May 27 23:49:35 UTC 2009,g2,Drisgill,"['wow', 'everyone', 'google', 'io', 'conference', 'free', 'g2s', 'month', 'unlimited', 'service']"
354,4,2221,Wed May 27 23:50:26 UTC 2009,g2,DearJellyHiJely,"['vkerkez', 'dood', 'free', 'google', 'android', 'phone', 'io', 'conference', 'g2']"
355,4,2222,Wed May 27 23:50:48 UTC 2009,g2,itamarw,"['orli', 'g2', 'amazing', 'btw', 'huge', 'improvement', 'over', 'g1']"
356,4,2223,Wed May 27 23:56:46 UTC 2009,googleio,daynah,"['html', '5', 'demos', 'lots', 'great', 'stuff', 'come', 'yes', 'im', 'excited', 'httphtmlfiveappspotcom', 'io2009', 'googleio']"
357,4,2224,Wed May 27 23:56:53 UTC 2009,googleio,jackdaniels08,"['googleio', 'httptwitpiccom62shi', 'yay', 'happy', 'place', 'place', 'place', 'love', 'google']"
358,4,2225,Wed May 27 23:57:02 UTC 2009,googleio,alpheus1,"['googleio', 'o3d', 'bringing', '3d', 'graphics', 'browser', 'very', 'nice', 'tbh', 'funfun']"
359,4,2295,Sun May 31 06:51:32 UTC 2009,viral marketing,joshgammon,"['awesome', 'viral', 'marketing', 'funny', 'people', 'httpwwwnbccomyoteach']"
360,2,2296,Sun May 31 06:54:34 UTC 2009,hitler,KatyWheatley1,"['watching', 'programme', 'life', 'hitler', 'enhancing', 'geekiness', 'history']"
361,0,2355,Tue Jun 02 02:54:08 UTC 2009,"""night at the museum""",TiffanyBakker,"['saw', 'night', 'museum', 'out', 'sheer', 'desperation', 'funding', 'movies']"
362,4,2356,Tue Jun 02 02:54:11 UTC 2009,"""night at the museum""",kezzumz,"['night', 'museum', '2', 'pretty', 'furkin', 'good']"
363,4,2357,Tue Jun 02 02:54:14 UTC 2009,"""night at the museum""",bodhibuggy,"['watching', 'night', 'museum', 'giggling']"
364,2,2358,Tue Jun 02 02:54:29 UTC 2009,"""night at the museum""",HistoryLuV3R,"['pambeeslyjenna', 'jenna', 'went', 'see', 'night', 'museum', '2', 'today', 'surprised', 'see', 'three', 'cast', 'members', 'office']"
365,2,2359,Tue Jun 02 02:54:42 UTC 2009,"""night at the museum""",ErcDrso,"['watch', 'night', 'museum', 'ryan', 'stacy']"
366,2,2360,Tue Jun 02 02:54:49 UTC 2009,"""night at the museum""",aykataoka,"['getting', 'ready', 'go', 'watch', 'night', 'museum', '2', 'dum', 'dum', 'give', 'gum', 'gum']"
367,0,2361,Tue Jun 02 02:55:06 UTC 2009,"""night at the museum""",Bcapote,"['back', 'seeing', 'star', 'trek', 'night', 'museum', 'star', 'trek', 'amazing', 'night', 'museum', 'eh']"
368,4,2362,Tue Jun 02 02:55:31 UTC 2009,"""night at the museum""",crikket_churps,"['watched', 'night', 'museum', '2', 'stinkin', 'cute']"
369,4,2363,Tue Jun 02 02:55:50 UTC 2009,"""night at the museum""",tish_tish,"['night', 'museum', '2', 'awesome', 'much', 'better', 'part', '1', 'next', 'weekend', 'well', 'see', 'up']"
370,2,2364,Tue Jun 02 02:56:13 UTC 2009,"""night at the museum""",Lilimich,"['think', 'new', 'favorite', 'restaurant', 'way', 'see', 'night', 'museum', '2']"
371,2,2365,Tue Jun 02 02:56:31 UTC 2009,"""night at the museum""",stealing_second,"['up', 'sold', 'out', 'im', 'seeing', 'night', 'museum', '2', 'im', '__', 'years', 'old']"
372,4,2366,Tue Jun 02 02:56:44 UTC 2009,"""night at the museum""",Pas_de_Cheval,"['saw', 'new', 'night', 'museum', 'loved', 'next', 'go', 'see', 'up', '3d']"
373,0,2367,Tue Jun 02 03:00:28 UTC 2009,gm,lloydnelson,"['shame', 'gm', 'forced', 'make', 'cars', 'white', 'house', 'thinks', 'sell', 'think']"
374,0,2368,Tue Jun 02 03:00:40 UTC 2009,gm,overthrow,"['u', 'noticed', 'happy', 'gm', 'situation', 'aig', 'lehman', 'et', 'al']"
375,2,2369,Tue Jun 02 03:00:51 UTC 2009,gm,economywire,"['obama', 'nationalization', 'gm', 'shortterm', 'ap', 'httptinyurlcommd347r']"
376,0,2370,Tue Jun 02 03:02:00 UTC 2009,gm,tradecruz,"['pittstock', 'gm', 'good', 'riddance', 'sad', 'though']"
377,0,2371,Tue Jun 02 03:02:34 UTC 2009,gm,ZendoDeb,"['never', 'buy', 'government', 'motors', 'vehicle', 'until', 'recently', 'drove', 'gm', 'cars', '1988', 'bought', 'httptinyurlcomlulsw8']"
378,0,2372,Tue Jun 02 03:04:22 UTC 2009,gm,rbmshow,"['having', 'old', 'cocacola', 'guy', 'gm', 'board', 'stupid', 'heck', 'tcot', 'ala']"
379,0,2373,Tue Jun 02 03:04:35 UTC 2009,gm,Ash_Craigslist,"['rantsandraves', 'worst', 'thing', 'gm', 'concord', 'pleasant', 'hill', 'martinez', 'fucking', 'uaw', 'httpbuzzupcom4ueb']"
380,0,2374,Tue Jun 02 03:04:45 UTC 2009,gm,BarackProblema,"['give', 'man', 'fish', 'u', 'feed', 'day', 'teach', 'fish', 'u', 'feed', 'life', 'buy', 'gm', 'u', 'fk', 'over', 'good']"
381,0,2375,Tue Jun 02 03:05:18 UTC 2009,gm,ericdano,"['more', 'hear', 'gm', 'thing', 'more', 'angry', 'billions', 'wasted', 'more', 'bullshit', 'something', '40k', 'employees']"
382,0,2376,Tue Jun 02 03:05:50 UTC 2009,gm,tradecruz,"['quanttrader', 'gm', 'car', 'junk', 'far', 'quality', 'compared', 'honda']"
383,0,2377,Tue Jun 02 03:06:40 UTC 2009,gm,ktsophie,"['sad', 'daybankrupt', 'gm']"
384,0,2378,Tue Jun 02 03:06:45 UTC 2009,gm,nicolemg415,"['upset', 'whole', 'gm', 'thing', 'life', 'know', 'screwed', 'up']"
385,0,2379,Tue Jun 02 03:14:21 UTC 2009,time warner,ProofofVenom,"['whoever', 'running', 'time', 'warner', 'needs', 'repeatedly', 'raped', 'rhino', 'understand', 'consequences', 'putting', 'out', 'shitty', 'cable', 'svcs']"
386,2,2380,Tue Jun 02 03:14:32 UTC 2009,time warner,flywire,"['time', 'warner', 'ceo', 'hints', 'online', 'fees', 'magazines', 'ap', 'read', 'mountain', 'viewunited', 'states', 'views', '16209', 'httpbitlyudfch']"
387,0,2381,Tue Jun 02 03:15:18 UTC 2009,time warner,batchoutlost,"['wftb', 'joining', 'bit', 'late', 'connection', 'down', 'boo', 'time', 'warner']"
388,0,2382,Tue Jun 02 03:15:32 UTC 2009,time warner,floatingatoll,"['cox', 'time', 'warner', 'cox', 'cheaper', 'gets', 'b', 'dslreports', 'tw', 'more', 'expensive', 'gets', 'c']"
389,0,2383,Tue Jun 02 03:15:52 UTC 2009,time warner,kippy2,"['furious', 'time', 'warner', 'phone', 'promotions']"
390,0,2384,Tue Jun 02 03:16:23 UTC 2009,time warner,iamtony,"['home', 'chickfila', 'boys', 'damn', 'internets', 'down', 'stupid', 'time', 'warner']"
391,0,2385,Tue Jun 02 03:16:42 UTC 2009,time warner,dcwhip,"['timewarner', 'cable', 'suck', 'more']"
392,0,2386,Tue Jun 02 03:17:03 UTC 2009,time warner,JustGLB,"['pissed', 'time', 'warner', 'causin', 'slow', 'internet', 'problems']"
393,0,2387,Tue Jun 02 03:18:04 UTC 2009,time warner,chaneykyoto,"['sportsguy33', 'ummm', 'having', 'time', 'warner', 'problems']"
394,0,2388,Tue Jun 02 03:18:49 UTC 2009,time warner,ldmullen,"['guys', 'see', 'time', 'warner', 'suck', 'much', 'ass', 'really', 'wish', 'uverse', 'apartment', 'httpbitlys594j']"
395,0,2389,Tue Jun 02 03:22:08 UTC 2009,time warner,JohnTurlington,"['rt', 'sportsguy33', 'upside', 'time', 'warner', 'unhelpful', 'phone', 'operators', 'superslow', 'onsite', 'service', 'crap', 'thats', 'upside']"
396,0,2390,Tue Jun 02 03:22:19 UTC 2009,time warner,johnscleary,"['rt', 'sportsguy33', 'new', 'time', 'warner', 'slogan', 'time', 'warner', 'make', 'long', 'days', 'before', 'cable']"
397,0,2391,Tue Jun 02 03:23:36 UTC 2009,time warner,ecormany,"['confirmed', 'time', 'warners', 'fault', 'facebooks', 'fb', 'taking', '3', 'minutes', 'load', 'tempted', 'switch', 'verizon']"
398,0,2392,Tue Jun 02 03:24:00 UTC 2009,time warner,matsonj,"['sportsguy33', 'time', 'warner', 'epic', 'fail']"
399,2,2393,Tue Jun 02 03:24:45 UTC 2009,china,YildirimNews,"['lawson', 'head', 'newedge', 'hong', 'kong', 'httpbitlyxlqsd', 'business', 'china']"
400,2,2394,Tue Jun 02 03:24:59 UTC 2009,china,zedomax,"['weird', 'piano', 'guitar', 'house', 'china', 'httpu2sme72i8']"
401,2,2395,Tue Jun 02 03:27:19 UTC 2009,gm,theprovince,"['send', 'gmchevy', 'photos', 'httptinyurlcomluzkpq']"
402,0,2396,Tue Jun 02 03:27:34 UTC 2009,gm,PeteHall,"['know', 'sad', 'rt', 'caseymercier', '1st', 'day', 'hurricane', 'season', 'thats', 'less', 'scarey', 'govt', 'taking', 'over', 'gm']"
403,0,2397,Tue Jun 02 03:27:52 UTC 2009,gm,ram_zone,"['gm', 'files', 'bankruptcy', 'good', 'sign']"
404,4,2398,Tue Jun 02 03:28:41 UTC 2009,yankees,irishyanks,"['yankees', 'won', 'mets', 'lost', 'good', 'day']"
405,4,2399,Tue Jun 02 03:29:47 UTC 2009,dentist,Erinthebigsis,"['dentist', 'appt', 'today', 'actually', 'quite', 'enjoyable']"
406,0,2400,Tue Jun 02 03:32:10 UTC 2009,dentist,cassieeeelove,"['hate', 'effing', 'dentist']"
407,2,2401,Tue Jun 02 03:32:28 UTC 2009,dentist,johnnyt183,"['stevemoakler', 'dentist', 'appt', 'morning', 'same', 'conversation']"
408,0,2402,Tue Jun 02 03:33:25 UTC 2009,dentist,b_bassi,"['kirstiealley', 'hate', 'going', 'dentist']"
409,0,2403,Tue Jun 02 03:34:23 UTC 2009,dentist,cmg11,"['hate', 'dentistwho', 'invented', 'anyways']"
410,0,2404,Tue Jun 02 03:34:37 UTC 2009,dentist,arianaflyy,"['dentists', 'office', 'cold']"
411,2,2405,Tue Jun 02 03:34:50 UTC 2009,dentist,jettellis,"['check', 'video', 'out', 'david', 'dentist', 'httpbitly47aw2']"
412,2,2406,Tue Jun 02 03:35:05 UTC 2009,dentist,AdiOpERsOcoM,"['first', 'dentist', 'appointment', 'years', 'wednesday', 'possibly']"
413,2,2407,Tue Jun 02 04:29:14 UTC 2009,baseball,HallofChampions,"['tom', 'shanahans', 'latest', 'column', 'sdsu', 'ncaa', 'baseball', 'regional', 'appearance', 'httpowlyaxhu']"
414,2,2408,Tue Jun 02 04:29:17 UTC 2009,baseball,SimpleManJess,"['baseballamericacom', 'blog', 'baseball', 'america', 'prospects', 'blog', 'blog', 'httpbitlyett8a']"
415,2,2409,Tue Jun 02 04:29:28 UTC 2009,baseball,Oregon_Live,"['portland', 'city', 'politics', 'undo', 'baseball', 'park', 'httptinyurlcomlpjquj']"
416,2,2410,Tue Jun 02 04:39:41 UTC 2009,safeway,AirDye,"['rt', 'watersisweb', 'ca', 'merceds', 'water', 'bottled', 'safeway', 'resold', 'profit', 'wells', 'drying', 'up', 'county', 'httptinyurlcommb573s']"
417,2,2411,Tue Jun 02 04:40:09 UTC 2009,safeway,csquaredx,"['dropped', 'broccoli', 'walking', 'home', 'safeway', 'depressed']"
418,2,2412,Tue Jun 02 04:41:05 UTC 2009,safeway,XPhile1908,"['ronjon', 'dont', 'safeway']"
419,4,2413,Tue Jun 02 04:41:13 UTC 2009,safeway,LaurenAmor,"['applied', 'safeway', 'yeeeee']"
420,0,2414,Tue Jun 02 04:41:24 UTC 2009,safeway,TravisJensenSF,"['safeway', 'place', 'nightmare', 'right', 'now', 'bumming']"
421,2,2415,Tue Jun 02 04:41:32 UTC 2009,safeway,Lovely_Lauren,"['safeway', 'dad']"
422,0,2416,Tue Jun 02 04:41:41 UTC 2009,safeway,fugface85,"['hate', 'safeway', 'select', 'green', 'tea', 'icecream', 'bought', 'two', 'cartons', 'waste', 'money', 'gt_lt']"
423,2,2417,Tue Jun 02 04:42:00 UTC 2009,safeway,_JessicaJOY,"['safeway', 'marvin', 'janelle', 'auntie', 'lhu']"
424,2,2418,Tue Jun 02 04:42:29 UTC 2009,safeway,mobileadgirl,"['safeway', 'offering', 'mobile', 'coupons', 'httpbitlyonh7w']"
425,2,2419,Tue Jun 02 06:52:26 UTC 2009,driving,m_marchesi,"['phillies', 'driving', 'cadillac', 'top', 'down', 'cali', 'win', '53', 'httptinyurlcomnzcjqa']"
426,2,2421,Tue Jun 02 06:53:09 UTC 2009,eating,TheDebtress,"['saved', 'money', 'opting', 'grocery', 'store', 'trip', 'stocking', 'food', 'hotel', 'room', 'fridge', 'vs', 'eating', 'out', 'night', 'out', 'town']"
427,2,2422,Tue Jun 02 06:53:15 UTC 2009,eating,face_of_boe,"['lounging', 'around', 'eating', 'taco', 'bell', 'watching', 'ncis', 'before', 'work', 'tonight', 'need', 'help', 'staying', 'awake']"
428,2,2426,Tue Jun 02 06:53:30 UTC 2009,eating,LaraAvni,"['eating', 'breakfast', 'school']"
429,2,2427,Tue Jun 02 06:53:32 UTC 2009,eating,elpasira,"['still', 'hungry', 'eating']"
430,2,2428,Tue Jun 02 06:53:45 UTC 2009,eating,Fitness_101,"['10', 'tips', 'healthy', 'eating', 'resultsby', 'fitness', 'blog', 'fitness', 'httpbitly62gfn']"
431,2,2429,Tue Jun 02 06:54:11 UTC 2009,eating,ohmurder,"['boyfriend', 'eating', 'quesadilla']"
432,2,2430,Tue Jun 02 06:54:19 UTC 2009,eating,whoaoblivious,"['eating', 'dinner', 'meat', 'chips', 'risotto']"
433,2,2502,Thu Jun 04 16:53:02 UTC 2009,nike,stefanjos,"['new', 'pair', 'nike', 'shoes', 'pics', 'up', 'later']"
434,2,2503,Thu Jun 04 16:53:15 UTC 2009,nike,nsborg,"['nike', 'sb', 'blazer', 'high', 'acg', 'custom', 'brad', 'douglas', 'httptimesurlat45a448']"
435,4,2504,Thu Jun 04 16:53:20 UTC 2009,nike,marieforleo,"['nike', 'rocks', 'im', 'super', 'grateful', 'ive', 'done', 'amp', 'european', 'division', 'nike', 'beyond', 'whitstyles', 'muchasmuertes']"
436,2,2505,Thu Jun 04 16:53:48 UTC 2009,nike,imflashy,"['nike', 'air', 'yeezy', 'khakipink', 'colorway', 'release', 'httpsharesbjfn']"
437,4,2506,Thu Jun 04 16:54:17 UTC 2009,nike,TheGlossMagazin,"['evelynbyrne', 'tried', 'nike', 'v', 'addictive']"
438,2,2507,Thu Jun 04 16:54:32 UTC 2009,nike,MiniGreek,"['erickoston', 'looks', 'awful', 'lot', 'one', 'nikes', 'private', 'jetsim', 'sayin']"
439,4,2508,Thu Jun 04 16:54:36 UTC 2009,nike,TracySuter,"['nike', 'training', 'club', 'beta', 'iphone', 'app', 'looks', 'very', 'interesting']"
440,0,2529,Sun Jun 07 01:12:38 UTC 2009,jquery,TobyJuanKenobi,"['argghhhh', 'wont', 'jquery', 'appear', 'safari', 'bad', 'safari']"
441,2,2530,Sun Jun 07 01:12:44 UTC 2009,jquery,inBlogs,"['devsnippets', 'jquery', 'tools', 'javascript', 'ui', 'components', 'web', 'httpinblogsorggohfuqt']"
442,2,2531,Sun Jun 07 01:12:46 UTC 2009,jquery,vmkobs,"['ajaxjquery', 'css', 'javascript', 'more', 'many', 'examples', 'httpajaxiancom']"
443,4,2532,Sun Jun 07 01:13:23 UTC 2009,jquery,ghurson,"['im', 'ready', 'drop', 'pretenses', 'forever', 'love', 'jquery', 'want', 'marry', 'sorry', 'ladies', 'nerd', 'jqueryspokenforjs']"
444,2,2533,Sun Jun 07 01:13:34 UTC 2009,jquery,5x1llz,"['cold', 'looking', 'googles', 'chartvisualization', 'api', 'found', 'jquery', 'wrapper', 'api', 'httptinyurlcommq52bq']"
445,2,2534,Sun Jun 07 01:13:43 UTC 2009,jquery,bryall,"['spent', 'day', 'reading', 'jquery', 'book', 'now', 'start', 'drinking', 'delirium', 'tremens']"
446,2,2535,Sun Jun 07 01:14:41 UTC 2009,jquery,vmkobs,"['jquery', 'selectors', 'httpcodylindleycomjqueryselectors']"
447,2,2536,Sun Jun 07 01:15:08 UTC 2009,jquery,maheshcha,"['implement', 'news', 'ticker', 'jquery', 'ten', 'lines', 'code', 'httpbitlycznfj']"
448,2,2537,Sun Jun 07 03:27:52 UTC 2009,warren buffet,MyBenchmarkMtg,"['whats', 'buffet', 'doing', 'warren', 'buffett', 'kicks', 'butt', 'battle', 'boots', 'posted', 'byalex', 'crippe', 'httpbitlyauizo']"
449,4,2538,Sun Jun 07 03:28:18 UTC 2009,warren buffet,PragCapitalist,"['super', 'investors', 'great', 'weekend', 'read', 'here', 'warren', 'buffet', 'oldie', 'goodie', 'httptinyurlcomoqxgga']"
450,2,2539,Sun Jun 07 03:28:26 UTC 2009,warren buffet,SmartMouthBroad,"['im', 'truly', 'braindead', 'couldnt', 'come', 'up', 'warren', 'buffets', 'name', 'save', 'soul']"
451,4,2540,Sun Jun 07 03:29:04 UTC 2009,warren buffet,goncalol,"['reading', 'michael', 'palin', 'book', 'python', 'yearsgreat', 'book', 'recommend', 'warren', 'buffet', 'amp', 'nelson', 'mandelas', 'bio']"
452,4,2541,Sun Jun 07 17:42:50 UTC 2009,notre dame school,BobtheRobot,"['mean', 'im', 'down', 'notre', 'dame', 'good', 'school', 'id', 'closer', 'dan', 'id', 'enjoy']"
453,0,2543,Sun Jun 07 21:47:45 UTC 2009,time warner,Hittman,"['cant', 'watch', 'tv', 'without', 'tivo', 'years', 'timewarner', 'dvr', 'still', 'sucks', 'httpwwwdavehittcommarch03twdvrhtml']"
454,4,2544,Mon Jun 08 00:01:27 UTC 2009,federer,aiban,"['id', 'sports', 'writers', 'idiots', 'saying', 'roger', 'federer', 'one', 'best', 'tennis', 'roger', 'federer', 'best', 'tennis']"
455,0,2545,Mon Jun 08 00:12:16 UTC 2009,kindle2,nyctimes,"['still', 'love', 'kindle2', 'reading', 'new', 'york', 'times', 'feel', 'natural', 'miss', 'bloomingdale', 'ads']"
456,4,2546,Mon Jun 08 00:13:48 UTC 2009,kindle2,k8tb52,"['love', 'kindle2', 'more', 'stacks', 'books', 'trip', 'over', 'way', 'loo']"
457,0,2558,Mon Jun 08 19:59:10 UTC 2009,at&t,taylorcarrigan,"['although', 'todays', 'keynote', 'rocked', 'great', 'announcement', 'atampt', 'shit', 'little', 'bit', 'more']"
458,0,2559,Mon Jun 08 19:59:50 UTC 2009,at&t,susanjane,"['sheridanmarfil', 'much', 'obsession', 'cell', 'phones', 'iphone', 'im', 'slave', 'atampt', 'forever', 'because']"
459,2,2560,Mon Jun 08 20:01:17 UTC 2009,at&t,stick08,"['freitasm', 'oh', 'see', 'thought', 'atampt', '900mhz', 'wcdma']"
460,2,2561,Mon Jun 08 20:01:55 UTC 2009,at&t,CaptainCraigos,"['plip', 'read', 'tethering', 'support', 'phil', 'atampt', 'o2', 'joining']"
461,0,2562,Mon Jun 08 20:06:40 UTC 2009,at&t,iPhoneFuzzball,"['fuzzball', 'more', 'fun', 'atampt', 'p', 'httpfuzzballcomtwitter']"
462,0,2563,Mon Jun 08 20:07:44 UTC 2009,at&t,itsolivia,"['today', 'good', 'day', 'dislike', 'atampt', 'vote', 'out', 'office', 'indeed', 'danielpunkass']"
463,4,2564,Mon Jun 08 20:46:18 UTC 2009,wave sandbox,kyrabeckf,"['wave', 'sandbox', 'invite', 'extra', 'excited', 'bad', 'class', 'now', 'ill', 'play', 'soon', 'enough', 'io2009', 'wave']"
464,0,2575,Tue Jun 09 03:58:11 UTC 2009,summize,auxesis,"['looks', 'summize', 'gone', 'down', 'many', 'tweets', 'wwdc', 'perhaps']"
465,2,2576,Tue Jun 09 05:14:20 UTC 2009,kindle2,deedeewarren,"['hope', 'girl', 'work', 'buys', 'kindle2']"
466,2,2577,Tue Jun 09 05:14:32 UTC 2009,kindle2,RogerSPress,"['missed', 'insightfilled', 'column', 'one', 'smart', 'guy', 'looking', 'closely', 'hes', 'impressed', 'kindle2', 'httpbitlyi0pey', 'wroush']"
467,4,2578,Tue Jun 09 05:17:27 UTC 2009,kindle2,kmozena,"['sklososky', 'thanks', 'much', 'one', 'very', 'happy', 'kindle2', 'winners', 'surprised', 'fabulous', 'thank', 'best', 'kathleen']"
468,0,2579,Tue Jun 09 05:53:40 UTC 2009,iphone app,Jesssssii,"['man', 'kinda', 'dislike', 'apple', 'right', 'now', 'case', 'point', 'iphone', '3gs', 'wish', 'video', 'recorder', 'app', 'please', 'httpbitlydzm1t']"
469,4,7011,Wed Jun 10 04:03:37 UTC 2009,kindle2,jimhong,"['cwong08', 'kindle2', 'amp', 'sony', 'prs500', 'physical', 'device', 'feels', 'good', 'font', 'nice', 'pg', 'turns', 'snappy', 'enuf', 'ui', 'little', 'klunky']"
470,4,7012,Wed Jun 10 04:03:53 UTC 2009,kindle2,Ant_Ward,"['kindle2', 'seems', 'best', 'ereader', 'work', 'uk', 'one']"
471,4,7015,Wed Jun 10 05:24:40 UTC 2009,google,popitlockit,"['google', 'addiction', 'thank', 'pointing', 'out', 'annamartin123', 'hahaha']"
472,2,7055,Wed Jun 10 15:31:56 UTC 2009,visa card,FionaSarah,"['ruby_gem', 'primary', 'debit', 'card', 'visa', 'electron']"
473,2,8051,Wed Jun 10 15:31:59 UTC 2009,visa card,MalloryRayne,"['bank', 'new', 'visa', 'platinum', 'card']"
474,0,8052,Wed Jun 10 15:32:06 UTC 2009,visa card,_abi_,"['dearest', 'google', 'rich', 'bastards', 'visa', 'card', 'sent', 'doesnt', 'work', 'screw', 'little', 'guy']"
475,2,13051,Sat Jun 13 16:23:31 UTC 2009,Bobby Flay,sfkerropi6,"['date', 'bobby', 'flay', 'gut', 'fieri', 'food', 'network']"
476,4,13052,Sat Jun 13 16:24:08 UTC 2009,Bobby Flay,tessalau,"['excited', 'seeing', 'bobby', 'flay', 'guy', 'fieri', 'tomorrow', 'great', 'american', 'food', 'amp', 'music', 'fest']"
477,4,13053,Sat Jun 13 16:24:12 UTC 2009,Bobby Flay,ZFilth,"['gonna', 'go', 'see', 'bobby', 'flay', '2moro', 'shoreline', 'eat', 'drink', 'gonna', 'good']"
478,4,13054,Sat Jun 13 16:24:25 UTC 2009,Bobby Flay,annieblane,"['cant', 'wait', 'great', 'american', 'food', 'music', 'festival', 'shoreline', 'tomorrow', 'mmmkatz', 'pastrami', 'bobby', 'flay', 'yes', 'please']"
479,4,13055,Sat Jun 13 16:24:34 UTC 2009,Bobby Flay,LAURAcBRYAN,"['dad', 'ny', 'day', 'ate', 'mesa', 'grill', 'last', 'night', 'met', 'bobby', 'flay', 'much', 'fun', 'except', 'completely', 'lost', 'voice', 'today']"
480,0,13073,Sun Jun 14 04:35:33 UTC 2009,latex,NathanChalmers,"['fighting', 'latex', 'again']"
481,0,13074,Sun Jun 14 04:35:53 UTC 2009,latex,LoonyLongbottom,"['iheartseverus', 'love', 'dont', 'want', 'die', 'latex', 'devil']"
482,0,13075,Sun Jun 14 04:36:07 UTC 2009,latex,QuadError,"['7', 'hours', '7', 'hours', 'inkscape', 'crashing', 'normally', 'solid', 'rock', '7', 'hours', 'latex', 'complaining', 'slightest', 'thing', 'cant', 'take', 'more']"
483,2,13076,Sun Jun 14 21:35:58 UTC 2009,iran,musicmuse,"['track', 'iran', 'social', 'media', 'httpbitly2boqu']"
484,0,13077,Sun Jun 14 21:36:04 UTC 2009,iran,sketoaks,"['shits', 'hitting', 'fan', 'irancraziness', 'indeed', 'iranelection']"
485,0,13078,Sun Jun 14 21:36:09 UTC 2009,iran,jamespenycate,"['monday', 'already', 'iran', 'implode', 'kitchen', 'disaster', 'annagoss', 'seems', 'happy', 'sebulous', 'nice', 'weekend', 'goldpanda', 'great', 'whoop']"
486,2,14045,Sat Jun 13 16:13:59 UTC 2009,aapl,boardcentral,"['twitter', 'stock', 'buzz', 'aapl', 'es_f', 'spy', 'spx', 'palm', 'updated', '1200', 'pm']"
487,4,14046,Sat Jun 13 16:23:41 UTC 2009,Bobby Flay,JimFacey,"['getting', 'ready', 'test', 'out', 'burger', 'receipes', 'weekend', 'bobby', 'flay', 'great', 'receipes', 'try', 'thanks', 'bobby']"
488,2,14049,Sat Jun 13 16:24:03 UTC 2009,Bobby Flay,wetfishdesigns,"['johncmayer', 'bobby', 'flay', 'joining']"
489,4,14050,Sat Jun 13 16:24:15 UTC 2009,Bobby Flay,A_TALL_BLONDE,"['lam', 'love', 'bobby', 'flay', 'favorite', 'rt', 'terrysimpson', 'bflay', 'need', 'place', 'phoenix', 'great', 'peppers', 'here']"
490,0,14069,Sun Jun 14 04:31:12 UTC 2009,latex,rooney_tunes,"['created', 'first', 'latex', 'file', 'scratch', 'didnt', 'work', 'out', 'very', 'well', 'see', 'amandabittner', 'great', 'time', 'waster']"
491,4,14070,Sun Jun 14 04:31:23 UTC 2009,latex,roguemovement,"['using', 'linux', 'loving', 'much', 'nicer', 'windows', 'looking', 'forward', 'using', 'wysiwyg', 'latex', 'editor']"
492,4,14071,Sun Jun 14 04:31:28 UTC 2009,latex,yomcat,"['using', 'latex', 'lot', 'typeset', 'mathematics', 'looks', 'hideous']"
493,2,14072,Sun Jun 14 04:31:43 UTC 2009,latex,proggit,"['ask', 'programming', 'latex', 'indesign', 'submitted', 'calcio1', 'link', '1', 'comment', 'httptinyurlcommyfmf7']"
494,0,14073,Sun Jun 14 04:32:17 UTC 2009,latex,sam33r,"['note', 'hate', 'word', 'hate', 'pages', 'hate', 'latex', 'hate', 'latex', 'texn3rds', 'come', 'kill', 'now']"
495,4,14074,Sun Jun 14 04:36:34 UTC 2009,latex,iamtheonlyjosie,"['ahhh', 'back', 'real', 'text', 'editing', 'environment', 'lt3', 'latex']"
496,0,14075,Sun Jun 14 21:36:07 UTC 2009,iran,plutopup7,"['trouble', 'iran', 'see', 'hmm', 'iran', 'iran', 'far', 'away', 'flockofseagullsweregeopoliticallycorrect']"
497,0,14076,Sun Jun 14 21:36:17 UTC 2009,iran,captain_pete,"['reading', 'tweets', 'coming', 'out', 'iran', 'whole', 'thing', 'terrifying', 'incredibly', 'sad']"
